state	pathogen	test_result	state_code	country	2021-12-11	2021-12-18	2021-12-25	2022-01-01	2022-01-08	2022-01-15	2022-01-22	2022-01-29	2022-02-05	2022-02-12	2022-02-19	2022-02-26	2022-03-05	2022-03-12	2022-03-19	2022-03-26	2022-04-02	2022-04-09	2022-04-16	2022-04-23	2022-04-30	2022-05-07	2022-05-14	2022-05-21	2022-05-28	2022-06-04	2022-06-11	2022-06-18	2022-06-25	2022-07-02	2022-07-09	2022-07-16	2022-07-23	2022-07-30	2022-08-06	2022-08-13	2022-08-20	2022-08-27	2022-09-03	2022-09-10	2022-09-17	2022-09-24	2022-10-01	2022-10-08	2022-10-15	2022-10-22	2022-10-29	2022-11-05	2022-11-12	2022-11-19	2022-11-26	2022-12-03	2022-12-10	2022-12-17	2022-12-24	2022-12-31	2023-01-07	2023-01-14	2023-01-21	2023-01-28	2023-02-04
Amapá	FLUA	0	AP	Brazil	1	5	8	10	14	6	0	0	9	9	1	2	0	1	0	0	1	0	0	0	1	3	0	0	1	0	1	1	1	1	0	0	0	0	0	1	0	0	1	0	0	0	0	0	0	0	0	0	0	0	0	0	0	0	0	0	0	0	0	0	0
São Paulo	FLUA	0	AP	Brazil	1221	1392	955	1973	6581	10690	10214	3497	2854	2744	1762	1339	560	690	596	258	513	228	67	149	179	262	278	281	331	391	377	318	331	281	271	261	190	163	170	193	189	226	226	244	221	275	325	428	334	400	436	191	544	42	442	309	280	282	5	0	143	115	90	129	0
São Paulo	FLUA	1	AP	Brazil	13	64	118	1354	2648	2466	871	167	60	40	22	18	6	5	1	1	1	1	0	0	0	0	1	0	5	1	2	1	2	3	3	1	3	3	1	1	8	7	14	20	57	134	136	171	104	92	64	22	27	4	11	11	3	2	0	0	0	3	2	2	0
Paraíba	FLUA	0	AP	Brazil	0	0	0	17	42	33	0	0	3	2	1	3	0	2	1	0	1	0	0	1	1	1	0	0	1	2	0	0	1	4	1	0	4	0	2	0	1	1	0	0	0	0	0	0	0	0	0	0	3	0	0	1	1	0	0	0	1	1	0	0	0
Paraíba	FLUA	1	AP	Brazil	0	0	1	34	56	34	0	0	0	0	0	0	0	0	0	0	0	0	0	0	0	0	0	0	0	0	0	0	0	0	0	0	0	0	0	0	0	0	0	0	0	0	0	0	0	0	0	0	0	0	0	0	0	0	0	0	0	0	0	0	0
Rio Grande do Norte	FLUA	0	AP	Brazil	0	1	1	0	1	17	0	0	1	2	1	0	0	0	0	0	0	1	0	0	1	0	1	1	0	0	0	4	1	1	0	1	0	1	0	0	0	0	0	1	1	0	0	0	0	0	0	0	0	3	0	0	2	1	0	0	0	0	0	0	0
Rio Grande do Norte	FLUA	1	AP	Brazil	0	0	1	1	1	15	0	0	0	0	0	0	0	0	0	0	0	0	0	0	0	0	0	0	0	0	0	0	0	0	0	0	0	0	0	0	0	0	0	0	0	0	0	0	0	0	0	0	0	0	0	0	0	0	0	0	0	0	0	0	0
Mato Grosso do Sul	FLUA	0	AP	Brazil	10	9	6	9	44	186	294	396	259	225	93	33	6	10	3	0	10	3	1	1	0	0	0	0	6	4	2	4	1	0	3	4	1	3	2	0	2	1	1	0	2	4	0	3	1	1	0	1	0	1	1	2	0	3	0	0	2	0	0	0	0
Mato Grosso do Sul	FLUA	1	AP	Brazil	0	0	0	11	30	59	45	21	3	3	0	0	0	0	0	0	0	0	0	0	0	0	0	0	0	0	0	0	0	0	1	0	0	0	0	2	0	1	0	0	3	0	2	0	0	0	2	0	1	0	1	1	0	1	0	0	1	0	0	0	0
Paraná	FLUA	0	AP	Brazil	1	0	28	18	132	211	26	12	45	99	34	47	41	49	26	18	11	11	10	17	35	63	71	76	77	57	85	79	93	93	79	65	42	57	28	33	30	40	51	49	21	29	29	19	26	34	39	17	71	10	100	70	66	43	2	0	28	10	14	19	0
Paraná	FLUA	1	AP	Brazil	0	0	15	18	82	56	0	1	2	2	1	2	0	2	4	0	0	0	0	1	3	6	2	8	7	10	18	23	15	27	25	9	4	2	2	5	4	1	3	2	3	5	5	14	6	6	15	2	12	4	15	16	8	1	0	0	0	1	0	0	0
Goiás	FLUA	1	AP	Brazil	0	2	34	314	468	490	128	30	11	5	2	1	1	0	0	1	0	0	0	0	0	1	1	0	0	0	2	0	0	0	9	0	1	0	1	1	2	7	4	10	25	69	42	47	7	6	6	2	3	1	1	0	0	0	0	0	0	0	0	0	0
Ceará	FLUA	0	AP	Brazil	0	0	0	37	177	168	0	0	0	1	0	0	0	2	0	0	1	0	1	1	0	0	1	3	2	1	0	1	1	1	1	2	1	1	1	1	1	0	1	1	0	1	0	0	1	0	0	0	2	0	0	1	1	0	0	0	0	0	0	0	0
Bahia	FLUA	0	AP	Brazil	39	9	27	16	288	155	102	140	179	114	65	37	15	27	20	6	15	4	4	3	2	4	3	0	1	6	8	3	3	3	2	0	5	4	3	1	1	2	0	1	1	2	2	1	1	1	3	2	2	2	6	3	2	2	0	0	0	0	1	0	0
Bahia	FLUA	1	AP	Brazil	0	3	5	27	45	43	13	0	0	0	0	0	0	0	0	0	0	0	0	0	0	0	0	0	0	0	0	0	0	0	0	0	0	0	0	1	0	0	0	0	0	0	0	0	0	0	0	0	0	0	0	0	0	0	0	0	0	0	0	0	0
Tocantins	FLUA	0	AP	Brazil	3	3	5	2	7	4	0	0	9	12	4	3	0	1	2	0	2	1	0	0	0	0	0	0	0	0	0	0	0	0	0	0	0	0	0	0	0	0	0	0	0	0	0	0	0	0	0	0	0	0	0	2	0	1	0	0	0	0	0	0	0
Tocantins	FLUA	1	AP	Brazil	0	2	0	0	11	1	1	0	0	0	0	0	0	0	0	0	0	0	0	0	0	0	0	0	0	0	0	0	0	0	0	0	0	0	0	0	0	0	0	0	0	0	0	0	0	0	0	0	0	0	0	0	0	0	0	0	0	0	0	0	0
Rio Grande do Sul	FLUA	0	AP	Brazil	0	0	0	8	39	127	1	0	2	2	0	1	0	1	1	0	1	1	2	5	5	4	3	9	11	3	3	2	6	13	5	2	5	1	2	2	3	0	0	1	2	0	1	1	0	1	0	1	0	2	0	2	5	2	0	0	2	2	1	0	0
Rio Grande do Sul	FLUA	1	AP	Brazil	0	0	0	3	21	36	0	0	0	0	1	0	0	0	0	0	2	1	0	2	3	4	4	2	2	4	1	0	1	3	0	0	0	0	0	0	0	0	0	0	0	0	0	0	0	0	0	0	0	0	0	0	0	0	0	0	0	0	0	0	0
Acre	FLUA	0	AP	Brazil	1	0	1	1	0	3	2	0	0	0	2	0	1	0	0	0	0	0	0	0	1	2	2	0	2	1	0	0	0	1	0	0	0	0	0	0	0	0	0	0	0	0	0	0	0	0	1	0	0	0	0	0	0	0	0	0	0	0	0	0	0
Acre	FLUA	1	AP	Brazil	0	0	2	0	0	0	0	0	0	0	0	0	0	0	0	0	0	0	0	0	0	0	0	0	0	0	0	0	0	0	0	0	0	0	0	0	0	0	0	0	0	0	0	0	0	0	0	0	0	0	0	0	0	0	0	0	0	0	0	0	0
Rondônia	FLUA	0	AP	Brazil	8	1	3	3	3	9	2	0	6	10	2	4	2	1	1	1	1	0	1	0	1	1	2	3	1	0	1	1	0	0	1	0	0	0	0	0	0	0	0	0	0	1	0	0	0	0	1	0	0	0	0	0	0	0	0	0	0	0	0	0	0
Rondônia	FLUA	1	AP	Brazil	0	0	1	3	5	2	0	0	0	0	0	0	0	0	0	0	0	0	0	0	0	0	0	0	0	0	0	0	0	0	0	0	0	0	0	0	0	0	0	0	0	0	0	0	0	0	0	0	0	0	0	1	0	0	0	0	0	0	0	0	0
Ceará	FLUA	1	AP	Brazil	0	1	0	47	104	64	0	0	0	0	0	0	0	0	0	0	0	0	0	0	0	0	0	0	0	0	0	0	0	0	0	0	0	0	0	0	0	0	0	0	0	0	0	0	0	0	0	0	0	0	0	0	0	0	0	0	0	0	0	0	0
Goiás	FLUA	0	AP	Brazil	60	55	65	309	674	1055	775	500	595	366	280	223	145	163	157	42	104	33	19	36	47	18	29	39	46	39	48	25	29	20	27	10	13	20	12	13	15	14	12	24	19	62	62	65	48	30	25	20	32	37	60	41	24	26	8	0	6	4	26	21	0
Maranhão	FLUA	1	AP	Brazil	0	0	2	17	32	32	5	0	0	0	1	0	0	0	0	0	0	0	0	0	0	0	0	0	0	0	0	0	0	0	0	0	0	0	0	0	0	0	0	0	0	0	0	0	0	0	0	0	0	0	0	0	0	0	0	0	0	0	0	0	0
Maranhão	FLUA	0	AP	Brazil	13	4	7	16	30	39	15	0	61	22	8	6	4	3	1	1	2	4	1	0	1	1	2	1	5	2	1	2	0	1	1	0	0	0	1	0	0	0	0	2	0	0	0	0	1	1	1	0	2	0	0	1	0	0	0	0	1	1	0	0	0
Amapá	FLUA	1	AP	Brazil	0	0	0	23	11	4	0	0	0	0	0	0	0	0	0	0	0	0	0	0	0	0	0	0	0	0	0	0	0	0	0	0	0	0	0	0	0	0	0	0	0	0	0	0	0	0	0	0	0	0	0	0	0	0	0	0	0	0	0	0	0
Amazonas	FLUA	0	AP	Brazil	3	11	9	9	11	21	417	59	79	4	1	0	0	0	2	0	1	0	0	0	0	1	0	0	0	0	0	0	0	0	0	0	1	0	0	1	0	0	0	0	0	0	0	0	0	0	0	0	0	0	0	0	0	0	0	0	0	0	0	0	0
Amazonas	FLUA	1	AP	Brazil	0	0	0	1	3	1	3	0	0	0	0	0	0	0	0	0	0	0	0	0	0	0	0	0	0	0	0	0	0	0	0	0	0	0	0	0	0	0	0	0	0	0	0	0	0	0	0	0	0	0	0	0	0	0	0	0	0	0	0	0	0
Piauí	FLUA	0	AP	Brazil	0	0	0	2	10	6	0	0	0	1	0	0	1	0	0	0	0	0	0	0	0	3	0	0	0	0	0	0	2	2	0	0	0	0	0	0	0	0	0	0	0	0	0	0	0	0	0	0	0	0	1	1	0	0	0	0	0	0	0	0	0
Piauí	FLUA	1	AP	Brazil	0	0	0	1	15	5	0	0	0	0	0	0	0	0	0	0	0	0	0	0	0	0	0	0	0	0	0	0	0	0	0	0	0	0	0	0	0	0	0	0	0	0	0	0	0	0	0	0	0	0	0	0	0	0	0	0	0	0	0	0	0
Alagoas	FLUA	0	AP	Brazil	0	0	0	6	98	112	0	0	11	2	6	4	0	2	0	0	1	1	0	2	1	4	2	4	1	0	2	5	5	4	2	2	1	2	1	0	1	0	0	0	0	0	0	0	2	1	0	0	0	1	7	1	0	1	0	0	1	1	0	0	0
Alagoas	FLUA	1	AP	Brazil	0	0	1	13	68	58	0	0	0	0	0	0	0	0	0	0	0	0	0	0	0	0	0	0	0	0	0	0	0	1	0	0	0	0	0	0	0	0	0	0	0	0	1	0	0	0	0	0	0	0	0	0	0	0	0	0	0	0	0	0	0
Santa Catarina	FLUA	0	AP	Brazil	1	3	13	58	267	191	0	0	8	9	8	0	0	1	2	0	2	2	3	4	6	1	4	8	18	9	12	28	24	29	21	51	21	14	13	11	12	9	1	8	6	5	3	3	2	10	19	5	22	10	20	10	14	6	1	0	3	0	0	0	0
Santa Catarina	FLUA	1	AP	Brazil	3	3	11	50	143	75	0	0	0	1	0	0	1	0	0	0	1	0	0	0	0	1	3	3	8	2	10	8	11	11	9	7	4	1	1	2	0	0	0	0	0	2	0	0	0	2	3	0	2	2	1	0	0	0	0	1	0	0	0	0	0
Mato Grosso	FLUA	0	AP	Brazil	158	167	131	266	594	1303	2388	989	789	463	190	175	84	57	57	27	65	9	0	2	1	2	1	1	2	2	3	1	1	3	3	2	1	1	1	1	0	2	0	1	0	0	1	1	0	3	3	0	0	2	3	1	0	3	0	0	0	0	0	0	0
Mato Grosso	FLUA	1	AP	Brazil	0	1	3	438	346	337	160	28	6	0	0	0	0	0	0	0	0	0	0	0	1	0	0	0	0	0	0	1	0	0	0	0	0	0	0	0	0	0	1	0	0	0	0	0	0	0	1	0	1	0	0	0	0	0	0	0	0	0	0	0	0
Sergipe	FLUA	0	AP	Brazil	0	0	0	2	11	27	0	0	20	3	8	4	2	0	3	0	1	1	1	1	4	3	7	8	4	3	8	11	7	7	2	4	2	1	3	2	2	2	4	2	3	5	1	5	5	4	1	2	3	2	1	2	1	4	0	0	4	0	0	0	0
Sergipe	FLUA	1	AP	Brazil	0	0	0	3	21	38	0	0	0	0	0	0	0	0	0	0	0	0	0	0	0	0	0	0	0	0	0	0	0	0	0	0	0	0	0	0	0	0	0	0	0	1	0	0	0	0	0	1	1	0	0	0	0	0	0	0	0	0	0	0	0
Pernambuco	FLUA	0	AP	Brazil	8	18	8	50	47	55	0	0	3	5	2	3	2	3	2	5	0	0	0	0	1	2	7	2	8	5	6	13	4	1	3	2	2	1	0	0	0	1	1	1	2	2	0	0	0	2	2	2	2	0	2	4	0	0	0	0	0	0	0	0	0
Pernambuco	FLUA	1	AP	Brazil	0	0	2	57	33	21	1	0	0	0	0	0	0	0	0	0	0	0	0	0	0	0	0	0	0	0	0	0	0	0	0	0	0	0	0	0	0	0	0	0	0	0	0	0	0	0	0	1	0	0	0	0	0	0	0	0	0	0	0	0	0
Rio de Janeiro	FLUA	0	AP	Brazil	425	287	132	270	804	2991	2058	605	557	241	149	84	67	90	68	48	83	24	7	23	30	61	73	105	78	107	94	77	70	46	54	58	34	44	33	19	31	29	43	47	36	25	29	34	41	45	62	31	144	7	115	61	42	38	1	0	26	24	23	30	0
Rio de Janeiro	FLUA	1	AP	Brazil	144	24	12	116	134	106	39	3	0	0	0	0	0	3	0	0	0	0	0	1	0	1	0	0	0	1	1	0	0	0	0	1	0	1	0	0	0	0	1	0	1	4	5	11	10	13	27	5	23	0	5	3	0	6	0	0	2	1	1	0	0
Espírito Santo	FLUA	0	AP	Brazil	54	48	17	16	29	86	182	136	101	38	12	14	16	18	9	2	7	3	2	1	2	2	2	0	2	3	2	1	1	1	5	0	0	1	1	0	0	1	1	0	2	0	1	0	0	5	0	2	3	1	2	0	1	0	0	0	0	0	0	0	0
Espírito Santo	FLUA	1	AP	Brazil	0	4	0	41	26	24	14	4	0	0	0	0	0	0	0	0	0	0	0	0	0	0	0	0	0	0	0	0	0	0	0	0	0	0	0	0	0	0	0	0	0	0	0	0	0	0	0	0	0	0	0	0	0	0	0	0	0	0	0	0	0
Minas Gerais	FLUA	0	AP	Brazil	210	230	198	490	1654	3302	3247	1761	1704	751	426	432	210	201	96	16	112	32	4	3	4	7	7	8	14	10	14	8	10	12	4	1	7	4	4	2	1	6	3	7	12	7	5	8	7	11	8	4	1	2	6	7	2	2	0	0	5	0	0	0	0
Minas Gerais	FLUA	1	AP	Brazil	1	7	12	218	657	858	423	119	30	9	2	1	0	0	0	0	0	0	0	0	0	0	0	0	1	0	1	0	0	0	0	0	0	0	0	0	0	0	4	2	1	2	6	2	2	4	0	0	0	1	0	0	0	0	0	1	0	0	0	0	0
Distrito Federal	FLUA	0	AP	Brazil	116	68	106	138	207	504	847	467	578	234	324	189	207	382	247	147	90	35	38	68	99	111	105	129	145	139	188	134	122	81	56	67	52	52	40	42	46	71	56	51	45	19	28	32	56	51	35	31	58	0	77	69	88	90	0	0	52	45	38	40	0
Distrito Federal	FLUA	1	AP	Brazil	5	0	4	202	213	299	168	16	7	1	1	1	0	2	0	0	0	0	0	0	0	0	0	0	1	0	1	0	0	0	2	0	0	0	0	2	1	3	9	29	17	10	3	5	8	3	4	2	7	0	0	2	1	0	0	0	0	2	0	0	0
Pará	FLUA	0	AP	Brazil	18	20	24	18	24	54	197	127	64	144	30	19	7	9	8	6	23	6	5	4	14	8	2	4	9	4	7	4	4	8	7	6	4	3	1	4	1	5	2	2	4	3	3	3	1	3	3	2	3	3	5	0	3	1	0	0	3	1	0	0	0
Pará	FLUA	1	AP	Brazil	0	3	1	15	8	18	6	0	0	1	0	0	0	0	0	0	0	0	0	0	0	0	0	0	0	0	0	0	0	0	0	0	0	0	0	0	0	0	0	0	0	0	0	0	0	0	0	0	0	0	0	0	0	0	0	0	0	0	0	0	0
Acre	SC2	Não Detectado	MA	Brazil	0	0	0	0	0	0	0	0	0	0	0	0	0	0	0	0	0	0	0	0	0	0	0	0	0	0	0	0	0	0	0	0	0	0	0	0	0	0	0	0	0	0	0	0	0	0	0	0	0	0	0	0	0	0	0	0	0	0	0	0	0
São Paulo	SC2	Não Detectado	MA	Brazil	0	0	0	0	0	0	0	0	0	0	0	0	0	0	0	0	0	0	0	0	0	0	0	0	0	0	0	0	0	0	0	0	0	0	0	0	0	0	0	0	0	0	0	0	0	0	0	0	0	0	0	0	0	0	0	0	0	0	2	0	0
Sergipe	SC2	1	MA	Brazil	0	0	0	0	5	12	0	31	89	2	5	0	0	0	0	0	0	0	0	0	1	0	0	0	0	0	0	0	0	21	21	5	2	2	3	0	0	1	0	0	0	0	0	0	0	0	0	0	0	6	14	11	4	4	0	0	0	0	0	0	0
Sergipe	SC2	0	MA	Brazil	1	0	0	5	28	53	0	9	26	1	5	4	2	0	3	1	1	1	1	1	4	3	8	8	4	3	8	11	7	25	18	21	9	4	8	2	8	5	5	7	4	7	3	5	7	4	1	3	6	4	9	13	5	8	1	0	4	0	1	0	0
Sergipe	SC2	Não Detectado	MA	Brazil	0	0	0	0	0	0	0	0	0	0	0	0	0	0	0	0	0	0	0	0	0	0	0	0	0	0	0	0	0	0	0	0	0	0	0	0	0	0	0	0	0	0	0	0	0	0	0	0	0	0	0	0	0	0	0	0	0	0	0	0	0
Rio Grande do Sul	SC2	1	MA	Brazil	0	0	0	0	29	51	0	1	1	2	0	0	0	0	0	0	0	1	0	1	1	0	1	4	6	3	2	1	4	22	33	22	19	28	16	0	12	6	6	3	1	1	0	0	1	1	0	0	5	5	5	10	28	32	0	0	10	4	2	2	0
Rio Grande do Sul	SC2	0	MA	Brazil	4	4	1	17	38	112	2	0	1	1	1	3	0	1	3	6	6	8	6	13	14	11	8	12	17	10	7	7	7	127	112	101	100	88	60	3	59	64	52	57	69	26	42	19	38	13	54	14	35	35	31	29	44	41	0	0	36	14	11	12	0
Rio Grande do Sul	SC2	Não Detectado	MA	Brazil	0	0	0	0	0	0	0	0	0	0	0	0	0	0	0	0	0	0	0	0	0	0	0	0	0	0	0	0	0	0	0	0	0	0	0	0	0	0	0	0	0	0	0	0	0	0	0	0	0	0	0	0	0	0	0	0	0	0	0	0	0
São Paulo	SC2	0	MA	Brazil	2685	3359	3233	5301	12794	9394	5580	2363	2742	2375	4999	1651	1287	1571	1256	6544	7186	7492	6609	5662	7744	7389	7360	8080	8839	9581	8247	4475	4139	3715	6356	7105	5805	3905	4003	3870	4502	4171	3816	3146	3549	3758	3357	3076	1833	2364	2410	388	1035	996	1349	952	842	675	33	1	598	1627	1426	1598	1
Amazonas	SC2	1	MA	Brazil	0	0	2	4	120	1025	1412	671	184	24	15	5	2	7	1	1	0	2	3	0	1	1	1	4	4	10	15	13	65	93	111	129	100	44	11	11	2	3	5	1	1	0	0	0	18	41	49	11	5	10	6	5	2	3	0	0	0	0	0	0	0
Amazonas	SC2	Não Detectado	MA	Brazil	0	0	0	0	0	0	0	0	0	0	0	0	0	0	0	0	0	0	0	0	0	0	0	0	0	0	0	0	0	0	0	0	0	0	0	0	0	0	0	0	0	0	0	0	0	0	0	0	0	0	0	0	0	0	0	0	0	0	0	0	0
Pernambuco	SC2	1	MA	Brazil	0	2	1	3	16	12	5	412	215	3	3	0	0	0	1	1	0	0	0	2	1	0	8	2	3	2	3	5	4	674	327	155	107	70	51	1	27	12	10	2	1	2	4	3	3	11	27	75	401	545	392	133	22	10	5	0	8	8	2	2	0
Pernambuco	SC2	0	MA	Brazil	18	34	31	116	78	66	2	198	176	2	4	3	2	3	6	9	10	7	4	6	10	11	18	7	14	8	10	13	2	890	723	608	474	428	493	30	479	580	367	267	311	306	309	305	235	274	234	245	527	661	747	391	109	94	11	0	282	338	257	247	32
Pernambuco	SC2	Não Detectado	MA	Brazil	0	0	0	0	0	0	0	0	0	0	0	0	0	0	0	0	0	0	0	0	0	0	0	0	0	0	0	0	0	0	0	0	0	0	0	0	0	0	0	0	0	0	0	0	0	0	0	0	0	0	0	0	0	0	0	0	0	0	0	0	0
Mato Grosso	SC2	1	MA	Brazil	8	13	25	127	1000	2096	2569	1569	1088	513	254	128	63	40	10	5	5	2	6	3	7	14	37	48	102	157	223	254	321	368	318	267	158	90	64	27	27	11	2	2	6	0	0	0	1	3	1	1	2	22	63	90	199	50	0	23	8	4	4	0	0
Mato Grosso	SC2	0	MA	Brazil	267	423	422	785	1800	2074	1931	1067	1023	761	626	571	439	442	407	344	330	291	339	224	242	156	232	207	310	365	517	467	608	627	582	526	332	200	206	215	173	215	180	154	161	152	131	13	77	97	96	18	48	155	218	271	223	69	0	2	20	17	14	15	0
Mato Grosso	SC2	Não Detectado	MA	Brazil	0	0	0	0	0	0	0	0	0	0	0	0	0	0	0	0	0	0	0	0	0	0	0	0	0	0	0	0	0	0	0	0	0	0	0	0	0	0	0	0	0	0	0	0	0	0	0	0	0	0	0	0	0	0	0	0	0	0	0	0	0
Amazonas	SC2	0	MA	Brazil	7	16	16	81	452	745	485	332	249	130	149	136	66	107	106	95	51	136	51	30	39	33	51	42	34	42	61	54	137	146	292	151	224	117	56	69	52	35	58	26	24	17	15	0	24	32	47	9	10	32	28	24	27	4	0	2	0	1	0	0	0
São Paulo	SC2	1	MA	Brazil	74	109	274	1335	8885	8391	7569	3267	2835	2185	2271	526	191	182	66	267	377	551	632	693	1314	1776	2365	3426	4876	5950	5966	3717	3289	2524	3354	3149	1642	915	604	418	314	207	132	85	110	96	97	107	87	290	591	139	546	647	705	437	331	245	20	102	159	378	290	316	0
Ceará	SC2	Não Detectado	MA	Brazil	0	0	0	0	0	0	0	0	0	0	0	0	0	0	0	0	0	0	0	0	0	0	0	0	0	0	0	0	0	0	0	0	0	0	0	0	0	0	0	0	0	0	0	0	0	0	0	0	0	0	0	0	0	0	0	0	0	0	0	0	0
Ceará	SC2	0	MA	Brazil	2	2	1	76	188	136	0	5	1	2	0	2	0	2	0	0	3	1	2	3	1	2	1	5	1	1	0	1	1	71	87	71	36	34	17	3	13	26	10	18	16	15	13	13	14	8	9	4	11	38	93	64	36	23	3	0	12	12	3	7	0
Maranhão	SC2	Não Detectado	MA	Brazil	0	0	0	0	0	0	0	0	0	0	0	0	0	0	0	0	0	0	0	0	0	0	0	0	0	0	0	0	0	0	0	0	0	0	0	0	0	0	0	0	0	0	0	0	0	0	0	0	0	0	0	0	0	0	0	0	0	0	0	0	0
Rio Grande do Norte	SC2	1	MA	Brazil	0	0	0	0	2	4	1	45	170	1	5	0	0	0	0	1	0	1	0	1	0	0	0	1	0	1	0	3	1	12	10	8	6	3	2	0	2	0	0	0	0	0	0	0	0	0	1	1	1	7	26	14	10	4	1	0	0	0	0	0	0
Rio Grande do Norte	SC2	0	MA	Brazil	1	20	3	2	2	28	0	12	60	1	5	0	0	0	0	26	37	26	8	10	14	11	9	5	3	1	6	8	2	26	11	14	6	9	6	1	11	7	1	7	8	3	5	4	0	1	3	1	2	18	16	26	16	16	0	0	1	3	4	0	0
Rio Grande do Norte	SC2	Não Detectado	MA	Brazil	0	0	0	0	0	0	0	0	0	0	0	0	0	0	0	0	0	0	0	0	0	0	0	0	0	0	0	0	0	0	0	0	0	0	0	0	0	0	0	0	0	0	0	0	0	0	0	0	0	0	0	0	0	0	0	0	0	0	0	0	0
Alagoas	SC2	1	MA	Brazil	0	0	0	1	60	76	1	2	5	1	5	1	0	0	0	0	1	0	0	0	0	0	0	0	0	0	0	1	2	16	13	9	6	3	0	0	0	0	0	0	0	0	0	0	0	0	0	0	0	1	5	9	7	9	0	0	1	1	1	0	0
Alagoas	SC2	0	MA	Brazil	0	0	1	18	107	94	0	0	7	1	1	3	0	2	0	1	2	2	0	2	1	5	3	4	1	0	2	4	3	20	20	18	17	6	6	0	6	2	7	5	5	4	4	4	4	3	0	0	4	3	12	9	6	6	0	0	1	3	1	2	0
Alagoas	SC2	Não Detectado	MA	Brazil	0	0	0	0	0	0	0	0	0	0	0	0	0	0	0	0	0	0	0	0	0	0	0	0	0	0	0	0	0	0	0	0	0	0	0	0	0	0	0	0	0	0	0	0	0	0	0	0	0	0	0	0	0	0	0	0	0	0	0	0	0
Piauí	SC2	1	MA	Brazil	0	0	0	2	3	2	0	140	6	1	0	0	0	0	0	0	0	0	0	0	0	1	0	2	0	0	1	0	0	31	11	3	7	3	1	0	1	2	0	0	0	0	0	0	0	0	0	0	0	2	8	7	11	10	0	0	0	0	1	0	0
Piauí	SC2	0	MA	Brazil	2	0	0	1	22	9	0	54	2	0	0	0	1	0	0	1	0	0	1	7	2	14	15	17	2	0	4	0	2	14	19	7	15	5	5	3	1	5	8	5	10	4	0	1	0	4	2	1	1	8	9	14	7	4	2	0	4	1	1	1	1
Piauí	SC2	Não Detectado	MA	Brazil	0	0	0	0	0	0	0	0	0	0	0	0	0	0	0	0	0	0	0	0	0	0	0	0	0	0	0	0	0	0	0	0	0	0	0	0	0	0	0	0	0	0	0	0	0	0	0	0	0	0	0	0	0	0	0	0	0	0	0	0	0
Rondônia	SC2	1	MA	Brazil	0	1	1	0	2	2	0	0	7	8	0	2	0	0	0	0	0	0	0	0	0	0	0	1	0	0	1	7	16	39	24	1	0	0	0	0	0	0	0	1	0	0	2	0	0	0	0	0	0	2	6	10	9	12	0	3	2	0	1	2	0
Rondônia	SC2	0	MA	Brazil	9	6	3	9	6	11	2	0	1	3	5	3	4	1	2	3	3	0	3	1	3	4	3	5	2	0	2	6	57	59	38	3	0	1	2	0	1	0	5	7	11	16	9	12	7	8	4	3	7	7	21	16	16	15	0	0	10	2	7	0	0
Rondônia	SC2	Não Detectado	MA	Brazil	0	0	0	0	0	0	0	0	0	0	0	0	0	0	0	0	0	0	0	0	0	0	0	0	0	0	0	0	0	0	0	0	0	0	0	0	0	0	0	0	0	0	0	0	0	0	0	0	0	0	0	0	0	0	0	0	0	0	0	0	0
Goiás	SC2	1	MA	Brazil	2	6	9	75	552	825	738	534	445	280	113	69	35	24	21	8	3	5	4	3	4	4	20	24	77	109	235	201	253	1513	1067	746	490	310	205	154	104	65	39	17	16	5	8	10	6	9	13	22	105	357	802	998	737	719	0	18	12	12	110	83	0
Goiás	SC2	0	MA	Brazil	121	137	171	677	1390	1599	832	516	538	397	324	290	310	248	212	136	176	116	124	98	128	80	145	133	186	190	389	271	369	2681	2237	1686	1473	1222	1172	1076	1027	1040	967	919	989	908	720	598	464	491	469	364	536	984	1541	1526	1161	1189	10	21	32	61	709	625	0
Goiás	SC2	Não Detectado	MA	Brazil	0	0	0	0	0	0	0	0	0	0	0	0	0	0	0	0	0	0	0	0	0	0	0	0	0	0	0	0	0	0	0	0	0	0	0	0	0	0	0	0	0	0	0	0	0	0	0	0	0	0	0	0	0	0	0	0	0	0	0	0	0
Ceará	SC2	1	MA	Brazil	0	0	0	10	112	96	0	6	4	0	0	0	0	0	0	0	0	0	0	0	0	2	0	0	1	1	1	0	1	84	100	55	17	9	3	0	1	0	1	0	0	0	1	0	0	0	0	0	1	20	82	82	15	11	2	0	0	1	0	0	0
Amapá	SC2	1	MA	Brazil	1	0	3	1	1	3	1	0	4	5	0	1	0	0	0	0	0	0	0	0	0	0	0	1	0	0	0	0	0	0	2	0	1	0	1	0	0	0	0	0	0	0	0	0	0	0	0	0	0	0	0	0	0	0	0	0	0	0	0	0	0
Maranhão	SC2	0	MA	Brazil	13	11	8	52	680	530	181	174	134	71	74	53	34	44	18	24	19	41	19	13	18	32	27	29	32	48	39	12	26	34	36	22	15	5	10	11	8	15	11	9	12	2	4	2	2	3	17	0	5	18	9	8	6	3	2	0	1	5	1	1	0
Amapá	SC2	0	MA	Brazil	3	5	6	35	24	8	0	0	5	5	4	1	0	1	0	0	1	3	2	2	1	3	1	0	1	0	2	1	1	1	3	0	2	1	0	1	2	1	1	0	0	2	2	0	1	1	1	0	0	0	0	0	0	0	0	0	1	1	0	0	0
Paraíba	SC2	1	MA	Brazil	0	0	0	0	16	15	0	148	149	2	5	2	0	0	0	0	0	0	0	1	0	1	0	0	0	1	1	0	0	498	372	143	110	70	45	0	14	11	6	4	4	1	1	3	5	4	9	24	506	1011	624	151	54	30	0	0	11	10	1	2	0
Paraná	SC2	0	MA	Brazil	8	5	47	50	170	190	15	15	33	94	24	47	41	53	29	33	24	26	16	26	45	73	70	83	75	68	96	90	92	1820	1811	1613	1127	999	907	132	968	885	837	524	585	521	486	546	374	426	454	296	639	960	1119	950	819	583	12	0	296	233	186	148	27
Paraná	SC2	Não Detectado	MA	Brazil	0	0	0	0	0	0	0	0	0	0	0	0	0	0	0	0	0	0	0	0	0	0	0	0	0	0	0	0	0	0	0	0	0	0	0	0	0	0	0	0	0	0	0	0	0	0	0	0	0	0	0	0	0	0	0	0	0	0	0	0	0
Roraima	SC2	1	MA	Brazil	0	0	0	0	0	4	0	14	15	2	2	0	0	0	0	0	0	0	0	0	0	0	0	0	0	0	0	1	3	5	1	5	2	3	0	0	0	0	0	0	0	0	0	0	0	0	0	0	0	0	0	0	0	0	0	0	0	0	0	0	0
Roraima	SC2	0	MA	Brazil	0	0	0	0	0	1	0	4	15	9	13	6	1	0	1	1	3	1	1	4	0	0	1	1	1	0	2	1	6	3	6	2	3	0	2	3	0	1	3	0	2	2	0	1	0	1	0	0	0	3	2	1	0	0	0	0	0	0	0	0	0
Roraima	SC2	Não Detectado	MA	Brazil	0	0	0	0	0	0	0	0	0	0	0	0	0	0	0	0	0	0	0	0	0	0	0	0	0	0	0	0	0	0	0	0	0	0	0	0	0	0	0	0	0	0	0	0	0	0	0	0	0	0	0	0	0	0	0	0	0	0	0	0	0
Espírito Santo	SC2	1	MA	Brazil	8	2	3	5	16	49	183	173	88	20	10	1	0	1	0	1	0	0	0	2	2	6	9	8	15	4	110	61	174	230	187	151	48	31	31	12	2	1	2	1	1	0	1	2	0	1	1	1	4	27	24	30	22	11	1	2	7	5	0	0	0
Espírito Santo	SC2	0	MA	Brazil	104	82	85	100	87	65	74	77	49	26	37	16	27	33	34	35	24	9	26	47	70	84	65	98	80	16	191	108	231	254	263	205	113	106	102	56	7	12	46	14	49	26	17	22	18	26	30	10	11	35	26	20	20	19	2	0	71	43	6	4	0
Paraná	SC2	1	MA	Brazil	1	0	1	5	85	101	16	9	19	44	13	3	3	0	6	4	1	1	3	6	10	11	18	15	22	18	28	20	27	734	789	554	433	253	203	12	163	114	70	40	28	27	32	16	26	10	28	40	175	475	715	667	659	454	7	1	128	71	39	21	5
Espírito Santo	SC2	Não Detectado	MA	Brazil	0	0	0	0	0	0	0	0	0	0	0	0	0	0	0	0	0	0	0	0	0	0	0	0	0	0	0	0	0	0	0	0	0	0	0	0	0	0	0	0	0	0	0	0	0	0	0	0	0	0	0	0	0	0	0	0	0	0	0	0	0
Bahia	SC2	0	MA	Brazil	64	39	78	155	1919	1847	1270	1252	965	627	444	426	342	307	282	193	277	187	143	115	168	163	150	104	87	169	307	275	185	336	334	279	233	176	128	143	165	154	102	95	99	91	65	16	41	67	31	17	31	134	276	221	158	69	4	0	10	19	13	14	2
Bahia	SC2	Não Detectado	MA	Brazil	0	0	0	0	0	0	0	0	0	0	0	0	0	0	0	0	0	0	0	0	0	0	0	0	0	0	0	0	0	0	0	0	0	0	0	0	0	0	0	0	0	0	0	0	0	0	0	0	0	0	0	0	0	0	0	0	0	0	0	0	0
Pará	SC2	1	MA	Brazil	5	12	3	3	34	145	539	544	181	97	27	12	4	8	2	1	3	4	2	0	2	1	1	2	0	3	5	14	22	43	59	56	24	14	7	4	2	2	0	1	2	3	2	1	6	14	33	18	12	22	19	7	9	3	0	2	1	1	14	20	0
Pará	SC2	0	MA	Brazil	33	44	50	46	188	238	284	242	192	256	121	75	54	74	40	56	111	58	48	27	52	44	31	23	55	47	53	28	60	62	74	81	54	34	22	30	24	25	19	12	27	15	16	4	15	29	51	10	11	23	30	31	17	1	2	1	7	1	1	2	0
Pará	SC2	Não Detectado	MA	Brazil	0	0	0	0	0	0	0	0	0	0	0	0	0	0	0	0	0	0	0	0	0	0	0	0	0	0	0	0	0	0	0	0	0	0	0	0	0	0	0	0	0	0	0	0	0	0	0	0	0	0	0	0	0	0	0	0	0	0	0	0	0
Acre	SC2	1	MA	Brazil	0	0	0	0	0	1	1	0	0	0	0	0	0	0	0	0	0	0	0	0	0	0	0	0	0	0	0	0	0	0	0	0	1	0	0	0	0	0	0	0	0	0	0	0	0	0	0	0	0	0	0	0	0	0	0	0	0	0	0	0	0
Acre	SC2	0	MA	Brazil	1	0	4	1	1	2	1	0	0	0	3	0	1	0	0	0	0	0	0	1	1	2	2	0	2	1	0	0	0	1	0	0	0	0	0	0	0	0	1	0	0	0	0	0	0	0	1	0	0	0	0	0	0	0	0	0	1	0	0	0	0
Bahia	SC2	1	MA	Brazil	11	7	12	27	839	1401	1506	1674	879	378	179	79	24	24	7	10	9	8	5	3	8	14	16	19	39	56	162	181	188	293	276	170	92	49	38	18	15	9	8	4	9	4	0	0	3	1	8	1	12	186	452	378	111	27	1	0	3	3	2	2	0
Tocantins	SC2	Não Detectado	MA	Brazil	0	0	0	0	0	0	0	0	0	0	0	0	0	0	0	0	0	0	0	0	0	0	0	0	0	0	0	0	0	0	0	0	0	0	0	0	0	0	0	0	0	0	0	0	0	0	0	0	0	0	0	0	0	0	0	0	0	0	0	0	0
Tocantins	SC2	0	MA	Brazil	10	12	10	26	299	443	322	293	235	197	163	164	94	82	51	69	64	57	25	30	41	43	38	36	47	57	129	47	122	85	74	51	37	29	25	30	18	21	7	11	17	10	11	0	5	11	11	0	3	21	27	47	74	6	0	0	0	0	0	0	0
Tocantins	SC2	1	MA	Brazil	2	0	3	1	100	181	275	276	178	96	51	23	4	4	3	1	2	2	2	0	6	4	8	11	9	24	34	30	32	44	22	25	17	18	9	6	5	4	3	1	1	0	0	0	1	1	1	0	0	9	14	19	27	3	0	1	0	0	0	0	0
Paraíba	SC2	0	MA	Brazil	1	0	2	52	82	52	0	60	58	0	4	3	0	2	1	1	3	1	0	0	2	1	1	2	1	1	2	0	1	689	539	329	270	213	172	3	162	181	106	72	98	78	87	56	57	85	61	56	335	579	502	249	133	156	1	0	76	87	66	61	4
Paraíba	SC2	Não Detectado	MA	Brazil	0	0	0	0	0	0	0	0	0	0	0	0	0	0	0	0	0	0	0	0	0	0	0	0	0	0	0	0	0	0	0	0	0	0	0	0	0	0	0	0	0	0	0	0	0	0	0	0	0	0	0	0	0	0	0	0	0	0	0	0	0
Santa Catarina	SC2	1	MA	Brazil	5	0	4	19	279	100	7	0	5	2	3	0	0	4	0	1	1	7	4	3	6	9	9	17	17	14	14	14	9	55	36	41	37	35	17	12	17	30	24	25	7	5	5	3	5	5	10	10	19	27	67	154	82	95	1	2	42	18	8	0	0
Santa Catarina	SC2	0	MA	Brazil	69	7	25	99	466	184	9	2	10	15	8	7	6	28	16	13	17	17	21	14	42	31	40	42	51	30	52	38	29	124	314	305	253	268	240	30	203	181	326	273	337	280	238	252	150	276	281	251	198	298	341	422	448	677	0	3	572	538	251	12	6
Santa Catarina	SC2	Não Detectado	MA	Brazil	0	0	0	0	0	0	0	0	0	0	0	0	0	0	0	0	0	0	0	0	0	0	0	0	0	0	0	0	0	0	0	0	0	0	0	0	0	0	0	0	0	0	0	0	0	0	0	0	0	0	0	0	0	0	0	0	0	0	0	0	0
Mato Grosso do Sul	SC2	1	MA	Brazil	3	6	4	7	60	121	205	374	256	161	52	20	2	2	3	1	2	2	2	1	1	5	4	12	12	4	51	23	59	65	55	33	18	15	12	7	9	2	3	2	0	2	1	0	0	0	1	1	0	4	5	6	9	8	0	1	6	2	6	2	0
Mato Grosso do Sul	SC2	0	MA	Brazil	70	38	107	125	207	192	178	201	153	130	89	31	45	22	12	28	20	18	15	36	23	34	41	55	29	24	80	29	56	79	78	54	29	36	33	23	19	30	13	15	28	16	21	7	3	15	8	2	7	12	8	16	14	11	0	0	15	7	6	4	0
Mato Grosso do Sul	SC2	Não Detectado	MA	Brazil	0	0	0	0	0	0	0	0	0	0	0	0	0	0	0	0	0	0	0	0	0	0	0	0	0	0	0	0	0	0	0	0	0	0	0	0	0	0	0	0	0	0	0	0	0	0	0	0	0	0	0	0	0	0	0	0	0	0	0	0	0
Rio de Janeiro	SC2	1	MA	Brazil	80	20	223	1867	5949	3106	6726	5231	1723	294	140	136	31	64	127	83	84	64	133	154	282	288	350	337	426	276	1219	948	788	500	1298	1229	500	329	215	149	35	2	18	19	73	34	11	30	50	110	217	33	164	196	211	117	74	36	1	10	106	93	77	61	0
Rio de Janeiro	SC2	0	MA	Brazil	10929	3921	6500	7292	5595	1628	2969	3935	2317	838	718	1906	603	1721	3133	2865	2749	1611	1382	1547	2220	1548	1165	1095	910	530	1567	1062	838	762	2615	3630	2046	1861	1375	1246	350	112	510	489	810	867	289	668	562	692	620	106	316	236	373	259	169	147	5	0	530	665	520	579	0
Rio de Janeiro	SC2	Não Detectado	MA	Brazil	0	0	0	0	0	0	0	0	0	0	0	0	0	0	0	0	0	0	0	0	0	0	0	0	0	0	0	0	0	0	0	0	0	0	0	0	0	0	0	0	0	0	0	0	0	0	0	0	0	0	0	0	0	0	0	0	0	0	0	0	0
Distrito Federal	SC2	1	MA	Brazil	11	5	8	235	5593	9205	10078	12486	10911	6173	3300	1644	763	503	263	160	124	89	130	108	199	310	621	1043	2675	6296	9851	8792	7238	3931	2078	1127	684	454	312	321	151	114	76	62	113	37	35	1	107	58	87	35	114	1213	1968	2853	3250	244	0	32	7	6	2	4	0
Distrito Federal	SC2	0	MA	Brazil	199	277	287	1735	13834	14938	10225	10710	10222	8127	5983	4954	3828	4112	3224	2982	2881	2347	2221	1909	2344	2249	2898	3006	4544	8874	12009	8150	7641	5352	3372	2697	2027	1871	1735	1885	1633	1640	1615	1485	1703	1153	920	52	675	930	750	173	422	2046	3243	2996	3397	325	2	44	60	64	45	50	0
Distrito Federal	SC2	Não Detectado	MA	Brazil	0	0	0	0	0	0	0	0	0	0	0	0	0	0	0	0	0	0	0	0	0	0	0	0	0	0	0	0	0	0	0	0	0	0	0	0	0	0	0	0	0	0	0	0	0	0	0	0	0	0	0	0	0	0	0	0	0	0	0	0	0
Minas Gerais	SC2	1	MA	Brazil	7	19	45	182	882	1759	2210	1491	1287	561	243	112	64	35	19	15	9	12	14	23	23	41	68	152	206	106	289	190	196	140	138	119	61	31	18	20	9	7	10	8	1	0	5	3	3	3	3	2	5	19	51	55	68	66	6	31	26	11	14	7	0
Minas Gerais	SC2	0	MA	Brazil	412	420	768	1194	2118	2615	1850	1006	977	612	430	375	339	311	256	245	205	191	197	144	252	179	231	280	396	199	592	354	357	267	287	281	218	176	125	138	192	106	123	180	139	105	161	187	60	190	49	50	65	48	123	158	101	110	8	0	39	46	28	28	1
Minas Gerais	SC2	Não Detectado	MA	Brazil	0	0	0	0	0	0	0	0	0	0	0	0	0	0	0	0	0	0	0	0	0	0	0	0	0	0	0	0	0	0	0	0	0	0	0	0	0	0	0	0	0	0	0	0	0	0	0	0	0	0	0	0	0	0	0	0	0	0	0	0	0
Amapá	SC2	Não Detectado	MA	Brazil	0	0	0	0	0	0	0	0	0	0	0	0	0	0	0	0	0	0	0	0	0	0	0	0	0	0	0	0	0	0	0	0	0	0	0	0	0	0	0	0	0	0	0	0	0	0	0	0	0	0	0	0	0	0	0	0	0	0	0	0	0
Maranhão	SC2	1	MA	Brazil	5	4	1	4	364	404	160	91	123	76	43	31	13	3	3	1	3	1	3	3	9	10	26	18	27	35	27	11	18	21	25	18	14	7	6	8	4	7	4	0	2	0	1	0	1	0	0	2	1	4	12	13	7	2	0	0	0	0	0	1	0
Goiás	RINO	1	GO	Brazil	0	0	0	3	36	24	5	4	2	7	8	14	10	6	5	2	2	0	0	1	3	0	0	0	0	0	0	0	0	0	0	0	0	0	0	0	0	0	0	0	0	0	0	0	0	0	0	0	0	0	0	0	0	0	0	0	0	0	1	0	0
Goiás	RINO	0	GO	Brazil	0	0	0	32	311	318	153	127	64	47	42	48	36	19	19	20	8	1	0	7	7	0	0	0	0	0	0	0	0	0	0	0	0	0	0	0	0	0	0	0	0	0	0	0	0	0	0	0	0	0	0	0	0	0	0	0	0	1	15	12	0
Rio de Janeiro	RINO	1	GO	Brazil	0	0	0	0	0	0	2	0	0	0	0	0	0	0	0	0	0	0	0	0	0	0	0	0	0	0	0	0	0	0	0	0	0	0	0	0	0	0	0	0	0	0	0	0	0	0	0	0	0	0	0	0	0	0	0	0	0	0	0	0	0
Rio de Janeiro	RINO	0	GO	Brazil	0	0	0	0	0	0	1	0	0	0	0	0	0	0	0	0	0	0	0	0	0	0	0	0	0	0	0	0	0	0	0	0	0	0	0	0	0	0	0	0	0	0	0	0	0	0	0	0	0	0	0	0	0	0	0	0	0	0	0	0	0
Rio de Janeiro	PARA	1	RJ	Brazil	0	0	0	0	0	0	0	0	0	0	0	0	0	0	0	0	0	0	0	0	0	0	0	0	0	0	0	0	0	0	0	0	0	0	0	0	0	0	0	0	0	0	0	0	0	0	0	0	0	0	0	0	0	0	0	0	0	0	0	0	0
Rio de Janeiro	PARA	0	RJ	Brazil	0	0	0	0	0	0	3	0	0	0	0	0	0	0	0	0	0	0	0	0	0	0	0	0	0	0	0	0	0	0	0	0	0	0	0	0	0	0	0	0	0	0	0	0	0	0	0	0	0	0	0	0	0	0	0	0	0	0	0	0	0
Goiás	PARA	1	RJ	Brazil	0	0	0	0	5	5	0	4	0	1	2	1	1	2	0	0	0	0	0	0	0	0	0	0	0	0	0	0	0	0	0	0	0	0	0	0	0	0	0	0	0	0	0	0	0	0	0	0	0	0	0	0	0	0	0	0	0	0	3	0	0
Goiás	PARA	0	RJ	Brazil	0	0	0	35	342	337	158	127	66	53	48	61	45	23	24	22	10	1	0	8	10	0	0	0	0	0	0	0	0	0	0	0	0	0	0	0	0	0	0	0	0	0	0	0	0	0	0	0	0	0	0	0	0	0	0	0	0	1	13	12	0
São Paulo	VSR	1	ES	Brazil	13	16	18	58	123	120	34	7	10	12	17	14	32	37	23	27	35	20	18	31	34	45	50	45	43	51	52	37	33	27	31	35	15	13	11	9	12	8	17	15	10	12	21	43	56	83	101	52	111	4	77	63	63	71	0	1	25	20	16	16	0
Alagoas	VSR	1	ES	Brazil	0	0	0	0	0	2	0	0	0	0	0	0	0	0	0	0	0	0	0	0	0	0	0	0	0	0	0	0	0	0	0	0	0	0	0	0	0	0	0	0	0	0	0	0	0	0	0	0	0	0	0	0	0	0	0	0	0	0	0	0	0
Alagoas	VSR	0	ES	Brazil	0	0	1	19	166	168	0	0	11	2	6	4	0	2	0	0	1	1	0	2	1	4	2	4	1	0	2	5	5	5	2	2	1	2	1	0	1	0	0	0	0	0	1	0	2	1	0	0	0	1	7	1	0	1	0	0	1	1	0	0	0
Maranhão	VSR	1	ES	Brazil	0	0	0	0	1	0	0	0	0	0	0	0	0	0	0	0	0	0	0	0	0	1	0	0	0	0	0	0	0	0	0	0	0	0	0	0	0	0	0	0	0	0	0	0	0	0	0	0	0	0	0	0	0	0	0	0	0	0	0	0	0
Maranhão	VSR	0	ES	Brazil	13	4	9	33	61	71	20	0	61	22	9	6	4	3	1	1	2	4	1	0	1	0	2	1	5	2	1	2	0	1	1	0	0	0	1	0	0	0	0	2	0	0	0	0	1	1	1	0	2	0	0	1	0	0	0	0	1	1	0	0	0
Paraíba	VSR	1	ES	Brazil	0	0	0	0	0	0	0	0	0	0	0	0	0	1	0	0	0	0	0	0	0	0	0	0	0	0	0	0	0	0	0	0	0	0	0	0	0	0	0	0	0	0	0	0	0	0	0	0	0	0	0	0	0	0	0	0	1	1	0	0	0
Paraíba	VSR	0	ES	Brazil	0	0	1	51	98	67	0	0	3	2	1	3	0	1	1	0	1	0	0	1	1	1	0	0	1	2	0	0	1	4	1	0	3	0	2	0	1	1	0	0	0	0	0	0	0	0	0	0	3	0	0	1	1	0	0	0	0	1	0	0	0
Espírito Santo	VSR	1	ES	Brazil	0	2	0	0	1	3	1	0	0	0	0	0	0	0	0	0	1	1	2	0	0	0	0	0	1	0	0	0	0	1	0	0	0	0	0	0	0	0	0	0	0	0	0	0	0	0	0	0	1	0	0	0	0	0	0	0	0	0	0	0	0
Espírito Santo	VSR	0	ES	Brazil	54	50	17	57	54	107	195	140	101	38	12	14	16	18	9	2	6	2	0	1	2	2	2	0	1	3	2	1	1	0	5	0	0	1	1	0	0	1	1	0	2	0	1	0	0	5	0	2	2	1	2	0	1	0	0	0	0	0	0	0	0
Tocantins	VSR	1	ES	Brazil	0	0	0	0	0	0	0	0	0	0	0	0	0	0	0	0	0	0	0	0	0	0	0	0	0	0	0	0	0	0	0	0	0	0	0	0	0	0	0	0	0	0	0	0	0	0	0	0	0	0	0	0	0	0	0	0	0	0	0	0	0
Tocantins	VSR	0	ES	Brazil	3	5	5	2	18	5	1	0	9	12	4	3	0	1	2	0	2	1	0	0	0	0	0	0	0	0	0	0	0	0	0	0	0	0	0	0	0	0	0	0	0	0	0	0	0	0	0	0	0	0	0	2	0	1	0	0	0	0	0	0	0
Goiás	VSR	0	ES	Brazil	58	55	89	574	1086	1461	886	506	590	345	248	182	110	137	133	32	92	31	14	28	43	18	28	39	42	39	50	25	29	19	36	10	14	20	13	14	17	21	16	34	44	131	104	112	55	35	31	22	35	38	61	36	23	26	7	0	6	4	24	19	0
Amazonas	VSR	1	ES	Brazil	0	0	0	0	0	0	0	0	0	0	0	0	0	0	0	0	0	0	0	0	0	0	0	0	0	0	0	0	0	0	0	0	0	0	0	0	0	0	0	0	0	0	0	0	0	0	0	0	0	0	0	0	0	0	0	0	0	0	0	0	0
Acre	VSR	1	ES	Brazil	0	0	0	0	0	1	0	0	0	0	0	0	0	0	0	0	0	0	0	0	1	1	1	0	2	1	0	0	0	0	0	0	0	0	0	0	0	0	0	0	0	0	0	0	0	0	0	0	0	0	0	0	0	0	0	0	0	0	0	0	0
Acre	VSR	0	ES	Brazil	1	0	3	1	0	2	2	0	0	0	2	0	1	0	0	0	0	0	0	0	0	1	1	0	0	0	0	0	0	1	0	0	0	0	0	0	0	0	0	0	0	0	0	0	0	0	1	0	0	0	0	0	0	0	0	0	0	0	0	0	0
Sergipe	VSR	1	ES	Brazil	0	0	0	0	0	0	0	0	0	0	0	0	1	0	0	0	1	0	0	0	1	2	3	2	2	0	3	3	1	1	0	1	0	0	0	0	0	0	1	0	0	0	0	0	0	0	0	0	0	0	1	1	0	0	0	1	1	0	2	0	0
Sergipe	VSR	0	ES	Brazil	0	0	0	5	32	65	0	0	20	3	8	4	1	0	3	0	0	1	1	1	3	1	4	6	2	3	5	8	6	6	2	3	2	1	3	2	2	2	3	2	3	6	1	5	5	4	1	3	4	2	0	1	1	4	0	0	3	0	0	0	0
Santa Catarina	VSR	1	ES	Brazil	0	0	2	5	6	2	0	0	0	0	0	0	0	0	0	0	1	0	0	0	1	0	0	0	0	0	1	1	1	0	0	1	0	0	0	0	1	0	0	0	0	0	0	0	0	0	0	0	0	0	2	1	0	0	0	0	0	0	0	0	0
Santa Catarina	VSR	0	ES	Brazil	4	6	22	102	404	264	0	0	8	10	8	0	1	1	2	0	2	2	3	4	5	2	7	11	26	11	21	35	34	40	30	57	25	15	14	13	11	9	1	8	6	7	3	3	2	12	22	5	24	12	19	9	14	6	1	0	3	0	0	0	0
Pará	VSR	1	ES	Brazil	0	0	0	0	0	1	0	0	0	0	2	2	0	1	1	0	2	2	2	1	9	4	1	2	3	1	0	1	2	0	0	0	0	0	0	0	0	0	0	0	0	0	0	0	0	0	0	0	0	0	0	0	0	0	0	0	0	0	0	0	0
Pará	VSR	0	ES	Brazil	18	23	25	33	32	71	203	127	64	145	28	17	7	8	7	6	21	4	3	3	5	4	1	2	6	3	7	3	2	8	7	6	4	3	1	4	1	5	2	2	4	3	3	3	1	3	3	2	3	3	5	0	3	1	0	0	3	1	0	0	0
Minas Gerais	VSR	1	ES	Brazil	6	3	1	10	39	47	31	8	4	6	4	5	2	2	3	0	1	1	0	1	0	1	1	3	1	1	2	1	0	1	0	0	0	1	0	0	0	0	0	0	0	1	0	0	1	0	0	0	0	0	0	0	0	0	0	0	1	0	1	0	0
Minas Gerais	VSR	0	ES	Brazil	205	234	209	698	2271	4113	3639	1872	1730	754	424	428	208	199	93	16	111	31	4	2	4	6	6	5	14	9	13	7	10	11	4	1	7	3	4	2	1	6	7	9	13	8	11	10	8	15	8	4	1	3	6	7	2	2	0	0	4	0	0	0	0
Amazonas	VSR	0	ES	Brazil	3	11	9	10	14	22	420	59	79	4	1	0	0	0	2	0	1	0	0	0	0	1	0	0	0	0	0	0	0	0	0	0	1	0	0	1	0	0	0	0	0	0	0	0	0	0	0	0	0	0	0	0	0	0	0	0	0	0	0	0	0
Goiás	VSR	1	ES	Brazil	2	2	10	49	56	84	17	24	16	26	34	42	36	26	24	11	12	2	5	8	4	1	2	0	4	0	0	0	0	1	0	0	0	0	0	0	0	0	0	0	0	0	0	0	0	1	0	0	0	0	0	5	1	0	1	1	0	0	3	2	0
Ceará	VSR	0	ES	Brazil	0	1	0	84	280	232	0	0	0	1	0	0	0	2	0	0	0	0	1	1	0	0	0	3	2	1	0	1	1	1	1	2	1	1	1	1	1	0	1	1	0	1	0	0	1	0	0	0	2	0	0	1	1	0	0	0	0	0	0	0	0
Ceará	VSR	1	ES	Brazil	0	0	0	0	1	0	0	0	0	0	0	0	0	0	0	0	1	0	0	0	0	0	1	0	0	0	0	0	0	0	0	0	0	0	0	0	0	0	0	0	0	0	0	0	0	0	0	0	0	0	0	0	0	0	0	0	0	0	0	0	0
São Paulo	VSR	0	ES	Brazil	1221	1440	1054	3269	9105	13035	11051	3657	2904	2772	1767	1343	534	658	574	232	479	209	49	118	145	217	229	236	293	341	327	282	300	257	243	227	178	153	160	185	185	225	223	249	268	397	440	556	382	409	399	161	460	42	376	257	220	213	5	0	120	100	78	115	0
Rio de Janeiro	VSR	1	ES	Brazil	2	2	0	5	4	7	5	2	0	0	1	0	0	9	2	8	4	2	0	8	8	15	18	16	9	12	5	6	5	2	1	1	1	1	0	0	0	0	2	0	0	1	0	1	0	0	0	0	0	0	0	0	0	3	1	0	1	3	3	2	0
Rio de Janeiro	VSR	0	ES	Brazil	567	309	144	381	934	3090	2092	606	557	241	148	84	67	84	66	40	79	22	7	16	22	47	55	89	69	96	90	71	65	44	53	58	33	44	33	19	31	29	42	47	37	28	34	44	51	58	89	36	167	7	120	64	42	41	0	0	27	23	21	28	0
Paraná	VSR	1	ES	Brazil	1	0	1	0	5	2	0	0	0	1	1	3	2	8	3	3	2	1	1	3	7	14	13	12	6	5	7	6	1	3	2	1	0	2	0	0	1	1	0	0	0	2	0	0	0	0	1	1	3	0	4	5	4	5	0	0	1	2	4	5	0
Paraná	VSR	0	ES	Brazil	0	0	42	36	209	265	26	13	47	100	34	46	39	43	27	15	9	10	9	15	31	55	60	72	78	62	96	96	107	117	102	73	46	57	30	38	33	40	54	51	24	32	34	33	32	40	53	18	80	14	111	81	70	39	2	0	27	9	10	14	0
Piauí	VSR	1	ES	Brazil	0	0	0	0	0	0	0	0	0	0	0	0	0	0	0	0	0	0	0	0	0	1	0	0	0	0	0	0	0	0	0	0	0	0	0	0	0	0	0	0	0	0	0	0	0	0	0	0	0	0	0	0	0	0	0	0	0	0	0	0	0
Piauí	VSR	0	ES	Brazil	0	0	0	3	25	11	0	0	0	1	0	0	1	0	0	0	0	0	0	0	0	2	0	0	0	0	0	0	2	2	0	0	0	0	0	0	0	0	0	0	0	0	0	0	0	0	0	0	0	0	1	1	0	0	0	0	0	0	0	0	0
Mato Grosso do Sul	VSR	1	ES	Brazil	0	0	0	2	0	3	1	0	0	0	0	0	0	0	0	0	1	0	0	1	0	0	0	0	0	0	0	0	0	0	0	0	0	0	0	0	0	0	0	0	0	0	0	0	0	0	0	0	0	0	0	0	0	0	0	0	0	0	0	0	0
Mato Grosso do Sul	VSR	0	ES	Brazil	10	9	6	18	74	242	338	417	262	228	93	33	6	10	3	0	9	3	1	0	0	0	0	0	6	4	2	4	1	0	4	4	1	3	2	2	2	2	1	0	5	4	2	3	1	1	2	1	1	1	2	3	0	4	0	0	3	0	0	0	0
Mato Grosso	VSR	1	ES	Brazil	0	0	0	2	5	8	2	0	0	0	2	3	4	1	3	0	2	0	0	0	0	0	0	0	0	0	0	0	0	0	0	0	0	0	0	0	0	0	0	0	0	0	0	0	0	0	0	0	0	0	0	0	0	0	0	0	0	0	0	0	0
Mato Grosso	VSR	0	ES	Brazil	158	168	134	702	935	1632	2546	1017	795	463	188	172	80	56	54	27	63	9	0	2	2	2	1	1	2	2	3	2	1	3	3	2	1	1	1	1	0	2	1	1	0	0	1	1	0	3	4	0	1	2	3	1	0	3	0	0	0	0	0	0	0
Rio Grande do Norte	VSR	1	ES	Brazil	0	0	0	0	0	0	0	0	0	0	0	0	0	0	0	0	0	0	0	0	0	0	0	0	0	0	0	0	0	0	0	0	0	0	0	0	0	0	0	0	0	0	0	0	0	0	0	0	0	0	0	0	0	1	0	0	0	0	0	0	0
Rio Grande do Norte	VSR	0	ES	Brazil	0	1	2	1	2	32	0	0	1	2	1	0	0	0	0	0	0	1	0	0	1	0	1	1	0	0	0	4	1	1	0	1	0	1	0	0	0	0	0	1	1	0	0	0	0	0	0	0	0	3	0	0	2	0	0	0	0	0	0	0	0
Amapá	VSR	1	ES	Brazil	0	0	0	0	0	0	0	0	0	0	0	0	0	0	0	0	0	0	0	0	1	2	0	0	1	0	0	0	0	0	0	0	0	0	0	0	0	0	0	0	0	0	0	0	0	0	0	0	0	0	0	0	0	0	0	0	0	0	0	0	0
Amapá	VSR	0	ES	Brazil	1	5	8	33	25	10	0	0	9	9	1	2	0	1	0	0	1	0	0	0	0	1	0	0	0	0	1	1	1	1	0	0	0	0	0	1	0	0	1	0	0	0	0	0	0	0	0	0	0	0	0	0	0	0	0	0	0	0	0	0	0
Bahia	VSR	1	ES	Brazil	0	0	0	0	1	1	3	0	0	1	0	1	1	0	1	1	2	1	2	0	0	0	0	0	0	0	0	0	0	0	0	0	0	0	0	0	0	0	0	0	0	0	0	0	0	0	0	0	0	0	0	0	0	0	0	0	0	0	0	0	0
Bahia	VSR	0	ES	Brazil	39	12	32	43	332	197	112	140	179	113	65	36	14	27	19	5	13	3	2	3	2	4	3	0	1	6	8	3	3	3	2	0	5	4	3	2	1	2	0	1	1	2	2	1	1	1	3	2	2	2	6	3	2	2	0	0	0	0	1	0	0
Pernambuco	VSR	1	ES	Brazil	0	0	0	0	0	0	0	0	0	0	0	0	0	0	1	0	0	0	0	0	0	0	2	0	1	0	1	1	0	0	0	0	0	0	0	0	0	0	0	0	0	0	0	0	0	0	0	0	0	0	0	0	0	0	0	0	0	0	0	0	0
Pernambuco	VSR	0	ES	Brazil	8	18	10	107	80	76	1	0	3	5	2	3	2	3	1	5	0	0	0	0	1	2	5	2	7	5	5	12	4	1	3	2	2	1	0	0	0	1	1	1	2	2	0	0	0	2	2	3	2	0	2	4	0	0	0	0	0	0	0	0	0
Rondônia	VSR	1	ES	Brazil	0	0	1	1	0	0	0	0	0	0	0	0	0	1	0	1	0	0	0	0	0	0	2	0	0	0	0	0	0	0	0	0	0	0	0	0	0	0	0	0	0	0	0	0	0	0	0	0	0	0	0	0	0	0	0	0	0	0	0	0	0
Rondônia	VSR	0	ES	Brazil	8	1	3	5	8	11	2	0	6	10	2	4	2	0	1	0	1	0	1	0	1	1	0	3	1	0	1	1	0	0	1	0	0	0	0	0	0	0	0	0	0	1	0	0	0	0	1	0	0	0	0	1	0	0	0	0	0	0	0	0	0
Distrito Federal	VSR	1	ES	Brazil	2	2	2	6	1	3	0	2	1	0	1	9	15	37	21	28	9	5	4	17	11	16	12	10	7	11	4	1	3	2	2	3	1	1	0	0	1	0	0	0	1	1	0	2	1	1	0	1	0	0	3	9	7	15	0	0	17	14	14	11	0
Distrito Federal	VSR	0	ES	Brazil	119	66	108	334	419	800	1015	481	584	235	324	181	192	347	226	119	81	30	34	51	88	95	93	119	139	128	185	133	119	79	56	64	51	51	40	44	46	74	65	80	61	28	31	35	63	53	39	32	65	0	74	62	82	75	0	0	35	33	24	29	0
Rio Grande do Sul	VSR	1	ES	Brazil	0	0	0	1	1	3	0	0	0	0	0	0	0	0	0	0	0	1	0	0	0	1	0	2	2	0	0	0	2	2	0	0	1	0	0	0	0	0	0	0	0	0	0	0	0	0	0	0	0	0	0	0	0	0	0	0	0	0	0	0	0
Rio Grande do Sul	VSR	0	ES	Brazil	0	0	0	10	59	160	1	0	2	2	1	1	0	1	1	0	3	1	2	7	8	7	7	9	11	7	4	2	5	14	5	2	4	1	2	2	3	0	0	1	2	0	1	1	0	1	0	1	0	2	0	2	5	2	0	0	2	2	1	0	0
Rio de Janeiro	ADENO	1	GO	Brazil	0	0	0	0	0	0	1	0	0	0	0	0	0	0	0	0	0	0	0	0	0	0	0	0	0	0	0	0	0	0	0	0	0	0	0	0	0	0	0	0	0	0	0	0	0	0	0	0	0	0	0	0	0	0	0	0	0	0	0	0	0
Rio de Janeiro	ADENO	0	GO	Brazil	0	0	0	0	0	0	2	0	0	0	0	0	0	0	0	0	0	0	0	0	0	0	0	0	0	0	0	0	0	0	0	0	0	0	0	0	0	0	0	0	0	0	0	0	0	0	0	0	0	0	0	0	0	0	0	0	0	0	0	0	0
Goiás	ADENO	1	GO	Brazil	0	0	0	0	1	1	0	6	4	1	0	0	0	0	0	0	0	0	0	0	0	0	0	0	0	0	0	0	0	0	0	0	0	0	0	0	0	0	0	0	0	0	0	0	0	0	0	0	0	0	0	0	0	0	0	0	0	0	0	0	0
Goiás	ADENO	0	GO	Brazil	0	0	0	35	346	341	158	125	62	53	50	62	46	25	24	22	10	1	0	8	10	0	0	0	0	0	0	0	0	0	0	0	0	0	0	0	0	0	0	0	0	0	0	0	0	0	0	0	0	0	0	0	0	0	0	0	0	1	16	12	0
Goiás	BOCA	1	RJ	Brazil	0	0	0	3	2	2	0	3	2	1	1	8	9	3	5	3	0	0	0	1	0	0	0	0	0	0	0	0	0	0	0	0	0	0	0	0	0	0	0	0	0	0	0	0	0	0	0	0	0	0	0	0	0	0	0	0	0	0	3	0	0
Goiás	BOCA	0	RJ	Brazil	0	0	0	32	345	340	158	128	64	53	49	54	37	22	19	19	10	1	0	7	10	0	0	0	0	0	0	0	0	0	0	0	0	0	0	0	0	0	0	0	0	0	0	0	0	0	0	0	0	0	0	0	0	0	0	0	0	1	13	12	0
Rio de Janeiro	BOCA	1	RJ	Brazil	0	0	0	0	0	0	0	0	0	0	0	0	0	0	0	0	0	0	0	0	0	0	0	0	0	0	0	0	0	0	0	0	0	0	0	0	0	0	0	0	0	0	0	0	0	0	0	0	0	0	0	0	0	0	0	0	0	0	0	0	0
Rio de Janeiro	BOCA	0	RJ	Brazil	0	0	0	0	0	0	3	0	0	0	0	0	0	0	0	0	0	0	0	0	0	0	0	0	0	0	0	0	0	0	0	0	0	0	0	0	0	0	0	0	0	0	0	0	0	0	0	0	0	0	0	0	0	0	0	0	0	0	0	0	0
Rio de Janeiro	ENTERO	1	RJ	Brazil	0	0	0	0	0	0	0	0	0	0	0	0	0	0	0	0	0	0	0	0	0	0	0	0	0	0	0	0	0	0	0	0	0	0	0	0	0	0	0	0	0	0	0	0	0	0	0	0	0	0	0	0	0	0	0	0	0	0	0	0	0
Rio de Janeiro	ENTERO	0	RJ	Brazil	0	0	0	0	0	0	3	0	0	0	0	0	0	0	0	0	0	0	0	0	0	0	0	0	0	0	0	0	0	0	0	0	0	0	0	0	0	0	0	0	0	0	0	0	0	0	0	0	0	0	0	0	0	0	0	0	0	0	0	0	0
Goiás	ENTERO	1	RJ	Brazil	0	0	0	0	2	2	0	0	1	1	2	3	1	1	1	0	1	0	0	0	0	0	0	0	0	0	0	0	0	0	0	0	0	0	0	0	0	0	0	0	0	0	0	0	0	0	0	0	0	0	0	0	0	0	0	0	0	0	0	1	0
Goiás	ENTERO	0	RJ	Brazil	0	0	0	35	345	340	158	131	65	53	48	59	45	24	23	22	9	1	0	8	10	0	0	0	0	0	0	0	0	0	0	0	0	0	0	0	0	0	0	0	0	0	0	0	0	0	0	0	0	0	0	0	0	0	0	0	0	1	16	11	0
Goiás	BAC	0	RJ	Brazil	0	0	0	35	347	342	158	131	66	54	50	62	46	25	24	22	10	1	0	8	10	0	0	0	0	0	0	0	0	0	0	0	0	0	0	0	0	0	0	0	0	0	0	0	0	0	0	0	0	0	0	0	0	0	0	0	0	1	16	12	0
Rio de Janeiro	BAC	0	RJ	Brazil	0	0	0	0	0	0	3	0	0	0	0	0	0	0	0	0	0	0	0	0	0	0	0	0	0	0	0	0	0	0	0	0	0	0	0	0	0	0	0	0	0	0	0	0	0	0	0	0	0	0	0	0	0	0	0	0	0	0	0	0	0
Rio de Janeiro	META	1	GO	Brazil	0	0	0	0	0	0	0	0	0	0	0	0	0	0	0	0	0	0	0	0	0	0	0	0	0	0	0	0	0	0	0	0	0	0	0	0	0	0	0	0	0	0	0	0	0	0	0	0	0	0	0	0	0	0	0	0	0	0	0	0	0
Rio de Janeiro	META	0	GO	Brazil	0	0	0	0	0	0	3	0	0	0	0	0	0	0	0	0	0	0	0	0	0	0	0	0	0	0	0	0	0	0	0	0	0	0	0	0	0	0	0	0	0	0	0	0	0	0	0	0	0	0	0	0	0	0	0	0	0	0	0	0	0
Goiás	META	1	GO	Brazil	0	0	0	0	0	1	0	0	2	1	0	0	0	0	0	0	0	0	0	0	1	0	0	0	0	0	0	0	0	0	0	0	0	0	0	0	0	0	0	0	0	0	0	0	0	0	0	0	0	0	0	0	0	0	0	0	0	0	0	1	0
Goiás	META	0	GO	Brazil	0	0	0	35	347	341	158	131	64	53	50	62	46	25	24	22	10	1	0	8	9	0	0	0	0	0	0	0	0	0	0	0	0	0	0	0	0	0	0	0	0	0	0	0	0	0	0	0	0	0	0	0	0	0	0	0	0	1	16	11	0
Goiás	COVS	0	RJ	Brazil	0	0	0	35	343	342	158	129	66	54	50	62	46	25	24	22	10	1	0	8	10	0	0	0	0	0	0	0	0	0	0	0	0	0	0	0	0	0	0	0	0	0	0	0	0	0	0	0	0	0	0	0	0	0	0	0	0	1	16	12	0
Goiás	COVS	1	RJ	Brazil	0	0	0	0	4	0	0	2	0	0	0	0	0	0	0	0	0	0	0	0	0	0	0	0	0	0	0	0	0	0	0	0	0	0	0	0	0	0	0	0	0	0	0	0	0	0	0	0	0	0	0	0	0	0	0	0	0	0	0	0	0
Rio de Janeiro	COVS	0	RJ	Brazil	0	0	0	0	0	0	3	0	0	0	0	0	0	0	0	0	0	0	0	0	0	0	0	0	0	0	0	0	0	0	0	0	0	0	0	0	0	0	0	0	0	0	0	0	0	0	0	0	0	0	0	0	0	0	0	0	0	0	0	0	0
Rio de Janeiro	COVS	1	RJ	Brazil	0	0	0	0	0	0	0	0	0	0	0	0	0	0	0	0	0	0	0	0	0	0	0	0	0	0	0	0	0	0	0	0	0	0	0	0	0	0	0	0	0	0	0	0	0	0	0	0	0	0	0	0	0	0	0	0	0	0	0	0	0
Bahia	FLUB	0	MG	Brazil	39	12	32	43	333	198	115	140	179	114	65	37	15	27	20	6	15	4	4	3	2	4	3	0	1	6	8	3	3	3	2	0	5	4	3	2	1	2	0	1	1	2	2	1	1	1	3	2	2	2	6	3	2	2	0	0	0	0	1	0	0
Paraíba	FLUB	0	MG	Brazil	0	0	1	51	98	67	0	0	3	2	1	3	0	2	1	0	1	0	0	1	1	1	0	0	1	2	0	0	1	4	1	0	3	0	2	0	1	1	0	0	0	0	0	0	0	0	0	0	3	0	0	1	1	0	0	0	1	1	0	0	0
Paraíba	FLUB	1	MG	Brazil	0	0	0	0	0	0	0	0	0	0	0	0	0	0	0	0	0	0	0	0	0	0	0	0	0	0	0	0	0	0	0	0	0	0	0	0	0	0	0	0	0	0	0	0	0	0	0	0	0	0	0	0	0	0	0	0	0	0	0	0	0
Maranhão	FLUB	0	MG	Brazil	13	4	9	33	62	71	20	0	61	22	9	6	4	3	1	1	2	4	1	0	1	1	2	1	5	2	1	2	0	1	1	0	0	0	1	0	0	0	0	2	0	0	0	0	1	1	1	0	2	0	0	1	0	0	0	0	1	1	0	0	0
Maranhão	FLUB	1	MG	Brazil	0	0	0	0	0	0	0	0	0	0	0	0	0	0	0	0	0	0	0	0	0	0	0	0	0	0	0	0	0	0	0	0	0	0	0	0	0	0	0	0	0	0	0	0	0	0	0	0	0	0	0	0	0	0	0	0	0	0	0	0	0
Espírito Santo	FLUB	0	MG	Brazil	54	52	17	57	55	110	196	140	101	38	12	14	16	18	9	2	7	3	2	1	2	2	2	0	2	3	2	1	1	1	5	0	0	1	1	0	0	1	1	0	2	0	1	0	0	5	0	2	3	1	2	0	1	0	0	0	0	0	0	0	0
Espírito Santo	FLUB	1	MG	Brazil	0	0	0	0	0	0	0	0	0	0	0	0	0	0	0	0	0	0	0	0	0	0	0	0	0	0	0	0	0	0	0	0	0	0	0	0	0	0	0	0	0	0	0	0	0	0	0	0	0	0	0	0	0	0	0	0	0	0	0	0	0
Alagoas	FLUB	0	MG	Brazil	0	0	1	19	166	169	0	0	11	2	6	4	0	2	0	0	1	1	0	2	1	4	2	4	1	0	2	5	5	5	2	2	1	2	1	0	1	0	0	0	0	0	1	0	2	1	0	0	0	1	7	1	0	1	0	0	1	1	0	0	0
Alagoas	FLUB	1	MG	Brazil	0	0	0	0	0	0	0	0	0	0	0	0	0	0	0	0	0	0	0	0	0	0	0	0	0	0	0	0	0	0	0	0	0	0	0	0	0	0	0	0	0	0	0	0	0	0	0	0	0	0	0	0	0	0	0	0	0	0	0	0	0
Santa Catarina	FLUB	0	MG	Brazil	4	6	24	108	410	266	0	0	8	10	8	0	1	1	2	0	3	2	3	4	6	2	7	11	26	11	22	36	35	40	30	58	25	15	14	13	12	9	1	8	6	7	3	3	2	12	22	5	24	12	21	10	14	6	1	0	3	0	0	0	0
Santa Catarina	FLUB	1	MG	Brazil	0	0	0	0	0	0	0	0	0	0	0	0	0	0	0	0	0	0	0	0	0	0	0	0	0	0	0	0	0	0	0	0	0	0	0	0	0	0	0	0	0	0	0	0	0	0	0	0	0	0	0	0	0	0	0	0	0	0	0	0	0
Amapá	FLUB	1	MG	Brazil	0	0	0	0	0	0	0	0	0	0	0	0	0	0	0	0	0	0	0	0	0	0	0	0	0	0	0	0	0	0	0	0	0	0	0	0	0	0	0	0	0	0	0	0	0	0	0	0	0	0	0	0	0	0	0	0	0	0	0	0	0
Paraná	FLUB	0	MG	Brazil	1	0	43	36	214	267	26	13	47	101	35	48	41	51	29	18	11	11	10	18	38	69	73	84	84	67	103	102	107	120	103	74	46	59	30	38	34	41	54	51	24	34	34	33	32	40	54	19	83	14	114	86	73	43	2	0	28	11	14	19	0
Rio Grande do Norte	FLUB	0	MG	Brazil	0	1	2	1	2	32	0	0	1	2	1	0	0	0	0	0	0	1	0	0	1	0	1	1	0	0	0	4	1	1	0	1	0	1	0	0	0	0	0	1	1	0	0	0	0	0	0	0	0	3	0	0	2	1	0	0	0	0	0	0	0
Rio Grande do Norte	FLUB	1	MG	Brazil	0	0	0	0	0	0	0	0	0	0	0	0	0	0	0	0	0	0	0	0	0	0	0	0	0	0	0	0	0	0	0	0	0	0	0	0	0	0	0	0	0	0	0	0	0	0	0	0	0	0	0	0	0	0	0	0	0	0	0	0	0
Pernambuco	FLUB	0	MG	Brazil	8	18	10	107	80	76	1	0	3	5	2	3	2	3	2	5	0	0	0	0	1	2	7	2	8	5	6	13	4	1	3	2	2	1	0	0	0	1	1	1	2	2	0	0	0	2	2	3	2	0	2	4	0	0	0	0	0	0	0	0	0
Pernambuco	FLUB	1	MG	Brazil	0	0	0	0	0	0	0	0	0	0	0	0	0	0	0	0	0	0	0	0	0	0	0	0	0	0	0	0	0	0	0	0	0	0	0	0	0	0	0	0	0	0	0	0	0	0	0	0	0	0	0	0	0	0	0	0	0	0	0	0	0
Rio Grande do Sul	FLUB	0	MG	Brazil	0	0	0	11	60	163	1	0	2	2	1	1	0	1	1	0	3	2	2	7	8	8	7	11	13	7	4	2	7	16	5	2	5	1	2	2	3	0	0	1	2	0	1	1	0	1	0	1	0	2	0	2	5	2	0	0	2	2	1	0	0
Rio Grande do Sul	FLUB	1	MG	Brazil	0	0	0	0	0	0	0	0	0	0	0	0	0	0	0	0	0	0	0	0	0	0	0	0	0	0	0	0	0	0	0	0	0	0	0	0	0	0	0	0	0	0	0	0	0	0	0	0	0	0	0	0	0	0	0	0	0	0	0	0	0
Piauí	FLUB	0	MG	Brazil	0	0	0	3	25	11	0	0	0	1	0	0	1	0	0	0	0	0	0	0	0	3	0	0	0	0	0	0	2	2	0	0	0	0	0	0	0	0	0	0	0	0	0	0	0	0	0	0	0	0	1	1	0	0	0	0	0	0	0	0	0
Piauí	FLUB	1	MG	Brazil	0	0	0	0	0	0	0	0	0	0	0	0	0	0	0	0	0	0	0	0	0	0	0	0	0	0	0	0	0	0	0	0	0	0	0	0	0	0	0	0	0	0	0	0	0	0	0	0	0	0	0	0	0	0	0	0	0	0	0	0	0
São Paulo	FLUB	0	MG	Brazil	1234	1456	1074	3328	9226	13154	11085	3662	2913	2784	1784	1357	566	695	597	259	513	229	67	149	179	262	279	281	336	392	379	319	333	284	273	262	193	165	171	194	196	233	240	264	278	409	461	599	438	492	500	213	571	46	453	320	283	284	5	0	141	114	91	125	0
São Paulo	FLUB	1	MG	Brazil	0	0	0	0	0	0	0	0	1	0	0	0	0	0	0	0	1	0	0	0	0	0	0	0	0	0	0	0	0	0	1	0	0	1	0	0	1	0	0	0	0	0	0	0	0	0	0	0	0	0	0	0	0	0	0	0	2	4	2	6	0
Paraná	FLUB	1	MG	Brazil	0	0	0	0	0	0	0	0	0	0	0	1	0	0	1	0	0	0	0	0	0	0	0	0	0	0	0	0	1	0	1	0	0	0	0	0	0	0	0	0	0	0	0	0	0	0	0	0	0	0	1	0	1	1	0	0	0	0	0	0	0
Amapá	FLUB	0	MG	Brazil	1	5	8	33	25	10	0	0	9	9	1	2	0	1	0	0	1	0	0	0	1	3	0	0	1	0	1	1	1	1	0	0	0	0	0	1	0	0	1	0	0	0	0	0	0	0	0	0	0	0	0	0	0	0	0	0	0	0	0	0	0
Tocantins	FLUB	1	MG	Brazil	0	0	0	0	0	0	0	0	0	0	0	0	0	0	0	0	0	0	0	0	0	0	0	0	0	0	0	0	0	0	0	0	0	0	0	0	0	0	0	0	0	0	0	0	0	0	0	0	0	0	0	0	0	0	0	0	0	0	0	0	0
Tocantins	FLUB	0	MG	Brazil	3	5	5	2	18	5	1	0	9	12	4	3	0	1	2	0	2	1	0	0	0	0	0	0	0	0	0	0	0	0	0	0	0	0	0	0	0	0	0	0	0	0	0	0	0	0	0	0	0	0	0	2	0	1	0	0	0	0	0	0	0
Bahia	FLUB	1	MG	Brazil	0	0	0	0	0	0	0	0	0	0	0	0	0	0	0	0	0	0	0	0	0	0	0	0	0	0	0	0	0	0	0	0	0	0	0	0	0	0	0	0	0	0	0	0	0	0	0	0	0	0	0	0	0	0	0	0	0	0	0	0	0
Minas Gerais	FLUB	0	MG	Brazil	211	237	210	708	2309	4159	3669	1880	1734	760	428	433	210	201	96	16	112	32	4	3	4	7	7	8	15	10	15	8	10	12	4	1	7	4	4	2	1	6	7	9	13	9	11	10	9	15	8	4	1	3	6	7	2	2	0	0	5	0	0	0	0
Minas Gerais	FLUB	1	MG	Brazil	0	0	0	0	0	0	0	0	0	0	0	0	0	0	0	0	0	0	0	0	0	0	0	0	0	0	0	0	0	0	0	0	0	0	0	0	0	0	0	0	0	0	0	0	0	0	0	0	0	0	0	0	0	0	0	0	0	0	0	0	0
Ceará	FLUB	0	MG	Brazil	0	1	0	84	281	232	0	0	0	1	0	0	0	2	0	0	1	0	1	1	0	0	1	3	2	1	0	1	1	1	1	2	1	1	1	1	1	0	1	1	0	1	0	0	1	0	0	0	2	0	0	1	1	0	0	0	0	0	0	0	0
Ceará	FLUB	1	MG	Brazil	0	0	0	0	0	0	0	0	0	0	0	0	0	0	0	0	0	0	0	0	0	0	0	0	0	0	0	0	0	0	0	0	0	0	0	0	0	0	0	0	0	0	0	0	0	0	0	0	0	0	0	0	0	0	0	0	0	0	0	0	0
Pará	FLUB	0	MG	Brazil	18	23	25	33	32	72	203	127	64	145	30	19	7	8	8	6	23	6	5	4	13	8	2	4	9	4	7	4	4	8	7	6	4	3	1	4	1	5	2	2	4	3	3	3	1	3	3	2	3	3	5	0	3	1	0	0	3	1	0	0	0
Pará	FLUB	1	MG	Brazil	0	0	0	0	0	0	0	0	0	0	0	0	0	1	0	0	0	0	0	0	1	0	0	0	0	0	0	0	0	0	0	0	0	0	0	0	0	0	0	0	0	0	0	0	0	0	0	0	0	0	0	0	0	0	0	0	0	0	0	0	0
Acre	FLUB	0	MG	Brazil	1	0	3	1	0	3	2	0	0	0	2	0	1	0	0	0	0	0	0	0	1	2	2	0	2	1	0	0	0	1	0	0	0	0	0	0	0	0	0	0	0	0	0	0	0	0	1	0	0	0	0	0	0	0	0	0	0	0	0	0	0
Acre	FLUB	1	MG	Brazil	0	0	0	0	0	0	0	0	0	0	0	0	0	0	0	0	0	0	0	0	0	0	0	0	0	0	0	0	0	0	0	0	0	0	0	0	0	0	0	0	0	0	0	0	0	0	0	0	0	0	0	0	0	0	0	0	0	0	0	0	0
Rio de Janeiro	FLUB	0	MG	Brazil	569	311	144	386	938	3097	2097	608	557	241	149	84	67	90	68	48	83	24	7	24	30	62	73	105	78	107	94	77	70	46	54	59	34	45	33	19	31	29	44	47	37	29	34	45	50	58	89	36	166	7	120	64	42	43	1	0	28	25	24	28	0
Rio de Janeiro	FLUB	1	MG	Brazil	0	0	0	0	0	0	0	0	0	0	0	0	0	3	0	0	0	0	0	0	0	0	0	0	0	1	1	0	0	0	0	0	0	0	0	0	0	0	0	0	0	0	0	0	1	0	0	0	1	0	0	0	0	1	0	0	0	0	0	2	0
Mato Grosso	FLUB	0	MG	Brazil	158	168	134	704	940	1640	2548	1017	795	463	190	175	84	57	57	27	65	9	0	2	2	2	1	1	2	2	3	2	1	3	3	2	1	1	1	1	0	2	1	1	0	0	1	1	0	3	4	0	1	2	3	1	0	3	0	0	0	0	0	0	0
Mato Grosso	FLUB	1	MG	Brazil	0	0	0	0	0	0	0	0	0	0	0	0	0	0	0	0	0	0	0	0	0	0	0	0	0	0	0	0	0	0	0	0	0	0	0	0	0	0	0	0	0	0	0	0	0	0	0	0	0	0	0	0	0	0	0	0	0	0	0	0	0
Amazonas	FLUB	0	MG	Brazil	3	11	9	10	14	22	420	59	79	4	1	0	0	0	2	0	1	0	0	0	0	1	0	0	0	0	0	0	0	0	0	0	1	0	0	1	0	0	0	0	0	0	0	0	0	0	0	0	0	0	0	0	0	0	0	0	0	0	0	0	0
Amazonas	FLUB	1	MG	Brazil	0	0	0	0	0	0	0	0	0	0	0	0	0	0	0	0	0	0	0	0	0	0	0	0	0	0	0	0	0	0	0	0	0	0	0	0	0	0	0	0	0	0	0	0	0	0	0	0	0	0	0	0	0	0	0	0	0	0	0	0	0
Rondônia	FLUB	0	MG	Brazil	8	1	4	6	8	11	2	0	6	10	2	4	2	1	1	1	1	0	1	0	1	1	2	3	1	0	1	1	0	0	1	0	0	0	0	0	0	0	0	0	0	1	0	0	0	0	1	0	0	0	0	1	0	0	0	0	0	0	0	0	0
Rondônia	FLUB	1	MG	Brazil	0	0	0	0	0	0	0	0	0	0	0	0	0	0	0	0	0	0	0	0	0	0	0	0	0	0	0	0	0	0	0	0	0	0	0	0	0	0	0	0	0	0	0	0	0	0	0	0	0	0	0	0	0	0	0	0	0	0	0	0	0
Sergipe	FLUB	0	MG	Brazil	0	0	0	5	32	65	0	0	20	3	8	4	2	0	3	0	1	1	1	1	4	3	7	8	4	3	8	11	7	7	2	4	2	1	3	2	2	2	4	2	3	6	1	5	5	4	1	3	4	2	1	2	1	4	0	0	4	0	0	0	0
Sergipe	FLUB	1	MG	Brazil	0	0	0	0	0	0	0	0	0	0	0	0	0	0	0	0	0	0	0	0	0	0	0	0	0	0	0	0	0	0	0	0	0	0	0	0	0	0	0	0	0	0	0	0	0	0	0	0	0	0	0	0	0	0	0	0	0	0	0	0	0
Mato Grosso do Sul	FLUB	0	MG	Brazil	10	9	6	20	74	245	339	417	262	228	93	33	6	10	3	0	10	3	1	1	0	0	0	0	6	4	2	4	1	0	4	4	1	3	2	2	2	2	1	0	5	4	2	3	1	1	2	1	1	1	2	3	0	4	0	0	3	0	0	0	0
Mato Grosso do Sul	FLUB	1	MG	Brazil	0	0	0	0	0	0	0	0	0	0	0	0	0	0	0	0	0	0	0	0	0	0	0	0	0	0	0	0	0	0	0	0	0	0	0	0	0	0	0	0	0	0	0	0	0	0	0	0	0	0	0	0	0	0	0	0	0	0	0	0	0
Distrito Federal	FLUB	0	MG	Brazil	121	68	110	340	420	803	1015	483	585	235	325	189	207	384	247	147	90	35	38	68	99	111	105	129	146	139	189	134	122	81	58	67	52	52	40	44	47	74	65	80	62	29	31	37	64	54	39	33	65	0	77	71	89	90	0	0	52	47	37	40	0
Distrito Federal	FLUB	1	MG	Brazil	0	0	0	0	0	0	0	0	0	0	0	1	0	0	0	0	0	0	0	0	0	0	0	0	0	0	0	0	0	0	0	0	0	0	0	0	0	0	0	0	0	0	0	0	0	0	0	0	0	0	0	0	0	0	0	0	0	0	1	0	0
Goiás	FLUB	0	MG	Brazil	60	57	99	623	1141	1545	903	530	606	370	282	224	146	163	155	43	104	33	19	36	47	19	30	39	46	39	50	25	29	20	36	10	14	20	13	14	17	21	16	34	44	131	104	112	55	36	31	22	35	38	61	41	24	26	8	0	6	4	26	20	0
Goiás	FLUB	1	MG	Brazil	0	0	0	0	0	0	0	0	0	1	0	0	0	0	2	0	0	0	0	0	0	0	0	0	0	0	0	0	0	0	0	0	0	0	0	0	0	0	0	0	0	0	0	0	0	0	0	0	0	0	0	0	0	0	0	0	0	0	1	1	0
