pathogen	state	state_code	country	test_result	2021-12-11	2021-12-18	2021-12-25	2022-01-01	2022-01-08	2022-01-15	2022-01-22	2022-01-29	2022-02-05	2022-02-12	2022-02-19	2022-02-26	2022-03-05	2022-03-12	2022-03-19	2022-03-26	2022-04-02	2022-04-09	2022-04-16	2022-04-23	2022-04-30	2022-05-07	2022-05-14	2022-05-21	2022-05-28	2022-06-04	2022-06-11	2022-06-18	2022-06-25	2022-07-02	2022-07-09	2022-07-16	2022-07-23	2022-07-30	2022-08-06	2022-08-13	2022-08-20	2022-08-27	2022-09-03	2022-09-10	2022-09-17	2022-09-24	2022-10-01	2022-10-08	2022-10-15	2022-10-22	2022-10-29	2022-11-05	2022-11-12	2022-11-19	2022-11-26	2022-12-03	2022-12-10	2022-12-17	2022-12-24	2022-12-31	2023-01-07	2023-01-14	2023-01-21	2023-01-28	2023-02-04
ADENO	Pará	AP	Brazil	0.0	0	0	0	0	0	0	0	0	0	0	0	0	0	0	0	0	0	0	0	0	0	0	0	0	0	0	0	0	0	0	0	0	0	0	0	0	0	0	0	0	0	0	0	0	0	0	0	0	0	0	0	0	0	0	0	0	0	0	0	0	0
ADENO	Piauí	AP	Brazil	0.0	0	0	0	0	0	0	0	0	0	0	0	0	0	0	0	0	0	0	0	0	0	0	0	0	0	0	0	0	0	0	0	0	0	0	0	0	0	0	0	0	0	0	0	0	0	0	0	0	0	0	0	0	0	0	0	0	0	0	0	0	0
ADENO	Santa Catarina	AP	Brazil	0.0	0	0	0	0	0	0	0	0	0	0	0	0	0	0	0	0	0	0	0	0	0	0	0	0	0	0	0	0	0	0	0	0	0	0	0	0	0	0	0	0	0	0	0	0	0	0	0	0	0	0	0	0	0	0	0	0	0	0	0	0	0
ADENO	Rondônia	AP	Brazil	0.0	0	0	0	0	0	0	0	0	0	0	0	0	0	0	0	0	0	0	0	0	0	0	0	0	0	0	0	0	0	0	0	0	0	0	0	0	0	0	0	0	0	0	0	0	0	0	0	0	0	0	0	0	0	0	0	0	0	0	0	0	0
ADENO	Minas Gerais	AP	Brazil	0.0	0	0	0	0	0	0	0	0	0	0	0	0	0	0	0	0	0	0	0	0	0	0	0	0	0	0	0	0	0	0	0	0	0	0	0	0	0	0	0	0	0	0	0	0	0	0	0	0	0	0	0	0	0	0	0	0	0	0	0	0	0
ADENO	Goiás	AP	Brazil	1.0	0	0	0	35	347	342	158	131	66	54	50	62	46	25	24	22	10	1	0	8	10	0	0	0	0	0	0	0	0	0	0	0	0	0	0	0	0	0	0	0	0	0	0	0	0	0	0	0	0	0	0	0	0	0	0	0	0	1	16	12	0
ADENO	Mato Grosso do Sul	AP	Brazil	0.0	0	0	0	0	0	0	0	0	0	0	0	0	0	0	0	0	0	0	0	0	0	0	0	0	0	0	0	0	0	0	0	0	0	0	0	0	0	0	0	0	0	0	0	0	0	0	0	0	0	0	0	0	0	0	0	0	0	0	0	0	0
ADENO	Amazonas	AP	Brazil	0.0	0	0	0	0	0	0	0	0	0	0	0	0	0	0	0	0	0	0	0	0	0	0	0	0	0	0	0	0	0	0	0	0	0	0	0	0	0	0	0	0	0	0	0	0	0	0	0	0	0	0	0	0	0	0	0	0	0	0	0	0	0
ADENO	Roraima	MA	Brazil	0.0	0	0	0	0	0	0	0	0	0	0	0	0	0	0	0	0	0	0	0	0	0	0	0	0	0	0	0	0	0	0	0	0	0	0	0	0	0	0	0	0	0	0	0	0	0	0	0	0	0	0	0	0	0	0	0	0	0	0	0	0	0
ADENO	Alagoas	AP	Brazil	0.0	0	0	0	0	0	0	0	0	0	0	0	0	0	0	0	0	0	0	0	0	0	0	0	0	0	0	0	0	0	0	0	0	0	0	0	0	0	0	0	0	0	0	0	0	0	0	0	0	0	0	0	0	0	0	0	0	0	0	0	0	0
ADENO	Pernambuco	AP	Brazil	0.0	0	0	0	0	0	0	0	0	0	0	0	0	0	0	0	0	0	0	0	0	0	0	0	0	0	0	0	0	0	0	0	0	0	0	0	0	0	0	0	0	0	0	0	0	0	0	0	0	0	0	0	0	0	0	0	0	0	0	0	0	0
ADENO	Mato Grosso	AP	Brazil	0.0	0	0	0	0	0	0	0	0	0	0	0	0	0	0	0	0	0	0	0	0	0	0	0	0	0	0	0	0	0	0	0	0	0	0	0	0	0	0	0	0	0	0	0	0	0	0	0	0	0	0	0	0	0	0	0	0	0	0	0	0	0
ADENO	Sergipe	AP	Brazil	0.0	0	0	0	0	0	0	0	0	0	0	0	0	0	0	0	0	0	0	0	0	0	0	0	0	0	0	0	0	0	0	0	0	0	0	0	0	0	0	0	0	0	0	0	0	0	0	0	0	0	0	0	0	0	0	0	0	0	0	0	0	0
ADENO	Ceará	AP	Brazil	0.0	0	0	0	0	0	0	0	0	0	0	0	0	0	0	0	0	0	0	0	0	0	0	0	0	0	0	0	0	0	0	0	0	0	0	0	0	0	0	0	0	0	0	0	0	0	0	0	0	0	0	0	0	0	0	0	0	0	0	0	0	0
ADENO	Espírito Santo	AP	Brazil	0.0	0	0	0	0	0	0	0	0	0	0	0	0	0	0	0	0	0	0	0	0	0	0	0	0	0	0	0	0	0	0	0	0	0	0	0	0	0	0	0	0	0	0	0	0	0	0	0	0	0	0	0	0	0	0	0	0	0	0	0	0	0
ADENO	São Paulo	AP	Brazil	0.0	0	0	0	0	0	0	0	0	0	0	0	0	0	0	0	0	0	0	0	0	0	0	0	0	0	0	0	0	0	0	0	0	0	0	0	0	0	0	0	0	0	0	0	0	0	0	0	0	0	0	0	0	0	0	0	0	0	0	0	0	0
ADENO	Rio Grande do Norte	AP	Brazil	0.0	0	0	0	0	0	0	0	0	0	0	0	0	0	0	0	0	0	0	0	0	0	0	0	0	0	0	0	0	0	0	0	0	0	0	0	0	0	0	0	0	0	0	0	0	0	0	0	0	0	0	0	0	0	0	0	0	0	0	0	0	0
ADENO	Distrito Federal	AP	Brazil	0.0	0	0	0	0	0	0	0	0	0	0	0	0	0	0	0	0	0	0	0	0	0	0	0	0	0	0	0	0	0	0	0	0	0	0	0	0	0	0	0	0	0	0	0	0	0	0	0	0	0	0	0	0	0	0	0	0	0	0	0	0	0
ADENO	Paraná	AP	Brazil	0.0	0	0	0	0	0	0	0	0	0	0	0	0	0	0	0	0	0	0	0	0	0	0	0	0	0	0	0	0	0	0	0	0	0	0	0	0	0	0	0	0	0	0	0	0	0	0	0	0	0	0	0	0	0	0	0	0	0	0	0	0	0
ADENO	Rio de Janeiro	AP	Brazil	1.0	0	0	0	0	0	0	3	0	0	0	0	0	0	0	0	0	0	0	0	0	0	0	0	0	0	0	0	0	0	0	0	0	0	0	0	0	0	0	0	0	0	0	0	0	0	0	0	0	0	0	0	0	0	0	0	0	0	0	0	0	0
ADENO	Maranhão	AP	Brazil	0.0	0	0	0	0	0	0	0	0	0	0	0	0	0	0	0	0	0	0	0	0	0	0	0	0	0	0	0	0	0	0	0	0	0	0	0	0	0	0	0	0	0	0	0	0	0	0	0	0	0	0	0	0	0	0	0	0	0	0	0	0	0
ADENO	Rio Grande do Sul	AP	Brazil	0.0	0	0	0	0	0	0	0	0	0	0	0	0	0	0	0	0	0	0	0	0	0	0	0	0	0	0	0	0	0	0	0	0	0	0	0	0	0	0	0	0	0	0	0	0	0	0	0	0	0	0	0	0	0	0	0	0	0	0	0	0	0
ADENO	Acre	AP	Brazil	0.0	0	0	0	0	0	0	0	0	0	0	0	0	0	0	0	0	0	0	0	0	0	0	0	0	0	0	0	0	0	0	0	0	0	0	0	0	0	0	0	0	0	0	0	0	0	0	0	0	0	0	0	0	0	0	0	0	0	0	0	0	0
ADENO	Paraíba	AP	Brazil	0.0	0	0	0	0	0	0	0	0	0	0	0	0	0	0	0	0	0	0	0	0	0	0	0	0	0	0	0	0	0	0	0	0	0	0	0	0	0	0	0	0	0	0	0	0	0	0	0	0	0	0	0	0	0	0	0	0	0	0	0	0	0
ADENO	Amapá	AP	Brazil	0.0	0	0	0	0	0	0	0	0	0	0	0	0	0	0	0	0	0	0	0	0	0	0	0	0	0	0	0	0	0	0	0	0	0	0	0	0	0	0	0	0	0	0	0	0	0	0	0	0	0	0	0	0	0	0	0	0	0	0	0	0	0
ADENO	Bahia	AP	Brazil	0.0	0	0	0	0	0	0	0	0	0	0	0	0	0	0	0	0	0	0	0	0	0	0	0	0	0	0	0	0	0	0	0	0	0	0	0	0	0	0	0	0	0	0	0	0	0	0	0	0	0	0	0	0	0	0	0	0	0	0	0	0	0
ADENO	Tocantins	AP	Brazil	0.0	0	0	0	0	0	0	0	0	0	0	0	0	0	0	0	0	0	0	0	0	0	0	0	0	0	0	0	0	0	0	0	0	0	0	0	0	0	0	0	0	0	0	0	0	0	0	0	0	0	0	0	0	0	0	0	0	0	0	0	0	0
BAC	Pará	AP	Brazil	0.0	0	0	0	0	0	0	0	0	0	0	0	0	0	0	0	0	0	0	0	0	0	0	0	0	0	0	0	0	0	0	0	0	0	0	0	0	0	0	0	0	0	0	0	0	0	0	0	0	0	0	0	0	0	0	0	0	0	0	0	0	0
BAC	Piauí	AP	Brazil	0.0	0	0	0	0	0	0	0	0	0	0	0	0	0	0	0	0	0	0	0	0	0	0	0	0	0	0	0	0	0	0	0	0	0	0	0	0	0	0	0	0	0	0	0	0	0	0	0	0	0	0	0	0	0	0	0	0	0	0	0	0	0
BAC	Santa Catarina	AP	Brazil	0.0	0	0	0	0	0	0	0	0	0	0	0	0	0	0	0	0	0	0	0	0	0	0	0	0	0	0	0	0	0	0	0	0	0	0	0	0	0	0	0	0	0	0	0	0	0	0	0	0	0	0	0	0	0	0	0	0	0	0	0	0	0
BAC	Rondônia	AP	Brazil	0.0	0	0	0	0	0	0	0	0	0	0	0	0	0	0	0	0	0	0	0	0	0	0	0	0	0	0	0	0	0	0	0	0	0	0	0	0	0	0	0	0	0	0	0	0	0	0	0	0	0	0	0	0	0	0	0	0	0	0	0	0	0
BAC	Minas Gerais	AP	Brazil	0.0	0	0	0	0	0	0	0	0	0	0	0	0	0	0	0	0	0	0	0	0	0	0	0	0	0	0	0	0	0	0	0	0	0	0	0	0	0	0	0	0	0	0	0	0	0	0	0	0	0	0	0	0	0	0	0	0	0	0	0	0	0
BAC	Goiás	AP	Brazil	0.0	0	0	0	35	347	342	158	131	66	54	50	62	46	25	24	22	10	1	0	8	10	0	0	0	0	0	0	0	0	0	0	0	0	0	0	0	0	0	0	0	0	0	0	0	0	0	0	0	0	0	0	0	0	0	0	0	0	1	16	12	0
BAC	Mato Grosso do Sul	AP	Brazil	0.0	0	0	0	0	0	0	0	0	0	0	0	0	0	0	0	0	0	0	0	0	0	0	0	0	0	0	0	0	0	0	0	0	0	0	0	0	0	0	0	0	0	0	0	0	0	0	0	0	0	0	0	0	0	0	0	0	0	0	0	0	0
BAC	Amazonas	AP	Brazil	0.0	0	0	0	0	0	0	0	0	0	0	0	0	0	0	0	0	0	0	0	0	0	0	0	0	0	0	0	0	0	0	0	0	0	0	0	0	0	0	0	0	0	0	0	0	0	0	0	0	0	0	0	0	0	0	0	0	0	0	0	0	0
BAC	Roraima	MA	Brazil	0.0	0	0	0	0	0	0	0	0	0	0	0	0	0	0	0	0	0	0	0	0	0	0	0	0	0	0	0	0	0	0	0	0	0	0	0	0	0	0	0	0	0	0	0	0	0	0	0	0	0	0	0	0	0	0	0	0	0	0	0	0	0
BAC	Alagoas	AP	Brazil	0.0	0	0	0	0	0	0	0	0	0	0	0	0	0	0	0	0	0	0	0	0	0	0	0	0	0	0	0	0	0	0	0	0	0	0	0	0	0	0	0	0	0	0	0	0	0	0	0	0	0	0	0	0	0	0	0	0	0	0	0	0	0
BAC	Pernambuco	AP	Brazil	0.0	0	0	0	0	0	0	0	0	0	0	0	0	0	0	0	0	0	0	0	0	0	0	0	0	0	0	0	0	0	0	0	0	0	0	0	0	0	0	0	0	0	0	0	0	0	0	0	0	0	0	0	0	0	0	0	0	0	0	0	0	0
BAC	Mato Grosso	AP	Brazil	0.0	0	0	0	0	0	0	0	0	0	0	0	0	0	0	0	0	0	0	0	0	0	0	0	0	0	0	0	0	0	0	0	0	0	0	0	0	0	0	0	0	0	0	0	0	0	0	0	0	0	0	0	0	0	0	0	0	0	0	0	0	0
BAC	Sergipe	AP	Brazil	0.0	0	0	0	0	0	0	0	0	0	0	0	0	0	0	0	0	0	0	0	0	0	0	0	0	0	0	0	0	0	0	0	0	0	0	0	0	0	0	0	0	0	0	0	0	0	0	0	0	0	0	0	0	0	0	0	0	0	0	0	0	0
BAC	Ceará	AP	Brazil	0.0	0	0	0	0	0	0	0	0	0	0	0	0	0	0	0	0	0	0	0	0	0	0	0	0	0	0	0	0	0	0	0	0	0	0	0	0	0	0	0	0	0	0	0	0	0	0	0	0	0	0	0	0	0	0	0	0	0	0	0	0	0
BAC	Espírito Santo	AP	Brazil	0.0	0	0	0	0	0	0	0	0	0	0	0	0	0	0	0	0	0	0	0	0	0	0	0	0	0	0	0	0	0	0	0	0	0	0	0	0	0	0	0	0	0	0	0	0	0	0	0	0	0	0	0	0	0	0	0	0	0	0	0	0	0
BAC	São Paulo	AP	Brazil	0.0	0	0	0	0	0	0	0	0	0	0	0	0	0	0	0	0	0	0	0	0	0	0	0	0	0	0	0	0	0	0	0	0	0	0	0	0	0	0	0	0	0	0	0	0	0	0	0	0	0	0	0	0	0	0	0	0	0	0	0	0	0
BAC	Rio Grande do Norte	AP	Brazil	0.0	0	0	0	0	0	0	0	0	0	0	0	0	0	0	0	0	0	0	0	0	0	0	0	0	0	0	0	0	0	0	0	0	0	0	0	0	0	0	0	0	0	0	0	0	0	0	0	0	0	0	0	0	0	0	0	0	0	0	0	0	0
BAC	Distrito Federal	AP	Brazil	0.0	0	0	0	0	0	0	0	0	0	0	0	0	0	0	0	0	0	0	0	0	0	0	0	0	0	0	0	0	0	0	0	0	0	0	0	0	0	0	0	0	0	0	0	0	0	0	0	0	0	0	0	0	0	0	0	0	0	0	0	0	0
BAC	Paraná	AP	Brazil	0.0	0	0	0	0	0	0	0	0	0	0	0	0	0	0	0	0	0	0	0	0	0	0	0	0	0	0	0	0	0	0	0	0	0	0	0	0	0	0	0	0	0	0	0	0	0	0	0	0	0	0	0	0	0	0	0	0	0	0	0	0	0
BAC	Rio de Janeiro	AP	Brazil	0.0	0	0	0	0	0	0	3	0	0	0	0	0	0	0	0	0	0	0	0	0	0	0	0	0	0	0	0	0	0	0	0	0	0	0	0	0	0	0	0	0	0	0	0	0	0	0	0	0	0	0	0	0	0	0	0	0	0	0	0	0	0
BAC	Maranhão	AP	Brazil	0.0	0	0	0	0	0	0	0	0	0	0	0	0	0	0	0	0	0	0	0	0	0	0	0	0	0	0	0	0	0	0	0	0	0	0	0	0	0	0	0	0	0	0	0	0	0	0	0	0	0	0	0	0	0	0	0	0	0	0	0	0	0
BAC	Rio Grande do Sul	AP	Brazil	0.0	0	0	0	0	0	0	0	0	0	0	0	0	0	0	0	0	0	0	0	0	0	0	0	0	0	0	0	0	0	0	0	0	0	0	0	0	0	0	0	0	0	0	0	0	0	0	0	0	0	0	0	0	0	0	0	0	0	0	0	0	0
BAC	Acre	AP	Brazil	0.0	0	0	0	0	0	0	0	0	0	0	0	0	0	0	0	0	0	0	0	0	0	0	0	0	0	0	0	0	0	0	0	0	0	0	0	0	0	0	0	0	0	0	0	0	0	0	0	0	0	0	0	0	0	0	0	0	0	0	0	0	0
BAC	Paraíba	AP	Brazil	0.0	0	0	0	0	0	0	0	0	0	0	0	0	0	0	0	0	0	0	0	0	0	0	0	0	0	0	0	0	0	0	0	0	0	0	0	0	0	0	0	0	0	0	0	0	0	0	0	0	0	0	0	0	0	0	0	0	0	0	0	0	0
BAC	Amapá	AP	Brazil	0.0	0	0	0	0	0	0	0	0	0	0	0	0	0	0	0	0	0	0	0	0	0	0	0	0	0	0	0	0	0	0	0	0	0	0	0	0	0	0	0	0	0	0	0	0	0	0	0	0	0	0	0	0	0	0	0	0	0	0	0	0	0
BAC	Bahia	AP	Brazil	0.0	0	0	0	0	0	0	0	0	0	0	0	0	0	0	0	0	0	0	0	0	0	0	0	0	0	0	0	0	0	0	0	0	0	0	0	0	0	0	0	0	0	0	0	0	0	0	0	0	0	0	0	0	0	0	0	0	0	0	0	0	0
BAC	Tocantins	AP	Brazil	0.0	0	0	0	0	0	0	0	0	0	0	0	0	0	0	0	0	0	0	0	0	0	0	0	0	0	0	0	0	0	0	0	0	0	0	0	0	0	0	0	0	0	0	0	0	0	0	0	0	0	0	0	0	0	0	0	0	0	0	0	0	0
VSR	Pará	AP	Brazil	1.0	18	23	25	33	32	72	203	127	64	145	30	19	7	9	8	6	23	6	5	4	14	8	2	4	9	4	7	4	4	8	7	6	4	3	1	4	1	5	2	2	4	3	3	3	1	3	3	2	3	3	5	0	3	1	0	0	3	1	0	0	0
VSR	Piauí	AP	Brazil	1.0	0	0	0	3	25	11	0	0	0	1	0	0	1	0	0	0	0	0	0	0	0	3	0	0	0	0	0	0	2	2	0	0	0	0	0	0	0	0	0	0	0	0	0	0	0	0	0	0	0	0	1	1	0	0	0	0	0	0	0	0	0
VSR	Santa Catarina	AP	Brazil	1.0	4	6	24	107	410	266	0	0	8	10	8	0	1	1	2	0	3	2	3	4	6	2	7	11	26	11	22	36	35	40	30	58	25	15	14	13	12	9	1	8	6	7	3	3	2	12	22	5	24	12	21	10	14	6	1	0	3	0	0	0	0
VSR	Rondônia	AP	Brazil	1.0	8	1	4	6	8	11	2	0	6	10	2	4	2	1	1	1	1	0	1	0	1	1	2	3	1	0	1	1	0	0	1	0	0	0	0	0	0	0	0	0	0	1	0	0	0	0	1	0	0	0	0	1	0	0	0	0	0	0	0	0	0
VSR	Minas Gerais	AP	Brazil	1.0	211	237	210	708	2310	4160	3670	1880	1734	760	428	433	210	201	96	16	112	32	4	3	4	7	7	8	15	10	15	8	10	12	4	1	7	4	4	2	1	6	7	9	13	9	11	10	9	15	8	4	1	3	6	7	2	2	0	0	5	0	1	0	0
VSR	Goiás	AP	Brazil	1.0	60	57	99	623	1142	1545	903	530	606	371	282	224	146	163	157	43	104	33	19	36	47	19	30	39	46	39	50	25	29	20	36	10	14	20	13	14	17	21	16	34	44	131	104	112	55	36	31	22	35	38	61	41	24	26	8	1	6	4	27	21	0
VSR	Mato Grosso do Sul	AP	Brazil	1.0	10	9	6	20	74	245	339	417	262	228	93	33	6	10	3	0	10	3	1	1	0	0	0	0	6	4	2	4	1	0	4	4	1	3	2	2	2	2	1	0	5	4	2	3	1	1	2	1	1	1	2	3	0	4	0	0	3	0	0	0	0
VSR	Amazonas	AP	Brazil	1.0	3	11	9	10	14	22	420	59	79	4	1	0	0	0	2	0	1	0	0	0	0	1	0	0	0	0	0	0	0	0	0	0	1	0	0	1	0	0	0	0	0	0	0	0	0	0	0	0	0	0	0	0	0	0	0	0	0	0	0	0	0
VSR	Roraima	MA	Brazil	0.0	0	0	0	0	0	0	0	0	0	0	0	0	0	0	0	0	0	0	0	0	0	0	0	0	0	0	0	0	0	0	0	0	0	0	0	0	0	0	0	0	0	0	0	0	0	0	0	0	0	0	0	0	0	0	0	0	0	0	0	0	0
VSR	Alagoas	AP	Brazil	1.0	0	0	1	19	166	170	0	0	11	2	6	4	0	2	0	0	1	1	0	2	1	4	2	4	1	0	2	5	5	5	2	2	1	2	1	0	1	0	0	0	0	0	1	0	2	1	0	0	0	1	7	1	0	1	0	0	1	1	0	0	0
VSR	Pernambuco	AP	Brazil	1.0	8	18	10	107	80	76	1	0	3	5	2	3	2	3	2	5	0	0	0	0	1	2	7	2	8	5	6	13	4	1	3	2	2	1	0	0	0	1	1	1	2	2	0	0	0	2	2	3	2	0	2	4	0	0	0	0	0	0	0	0	0
VSR	Mato Grosso	AP	Brazil	1.0	158	168	134	704	940	1640	2548	1017	795	463	190	175	84	57	57	27	65	9	0	2	2	2	1	1	2	2	3	2	1	3	3	2	1	1	1	1	0	2	1	1	0	0	1	1	0	3	4	0	1	2	3	1	0	3	0	0	0	0	0	0	0
VSR	Sergipe	AP	Brazil	1.0	0	0	0	5	32	65	0	0	20	3	8	4	2	0	3	0	1	1	1	1	4	3	7	8	4	3	8	11	7	7	2	4	2	1	3	2	2	2	4	2	3	6	1	5	5	4	1	3	4	2	1	2	1	4	0	1	4	0	2	0	0
VSR	Ceará	AP	Brazil	1.0	0	1	0	84	281	232	0	0	0	1	0	0	0	2	0	0	1	0	1	1	0	0	1	3	2	1	0	1	1	1	1	2	1	1	1	1	1	0	1	1	0	1	0	0	1	0	0	0	2	0	0	1	1	0	0	0	0	0	0	0	0
VSR	Espírito Santo	AP	Brazil	1.0	54	52	17	57	55	110	196	140	101	38	12	14	16	18	9	2	7	3	2	1	2	2	2	0	2	3	2	1	1	1	5	0	0	1	1	0	0	1	1	0	2	0	1	0	0	5	0	2	3	1	2	0	1	0	0	0	0	0	0	0	0
VSR	São Paulo	AP	Brazil	1.0	1234	1456	1072	3327	9228	13155	11085	3664	2914	2784	1784	1357	566	695	597	259	514	229	67	149	179	262	279	281	336	392	379	319	333	284	274	262	193	166	171	194	197	233	240	264	278	409	461	599	438	492	500	213	571	46	453	320	283	284	5	1	145	120	94	131	0
VSR	Rio Grande do Norte	AP	Brazil	1.0	0	1	2	1	2	32	0	0	1	2	1	0	0	0	0	0	0	1	0	0	1	0	1	1	0	0	0	4	1	1	0	1	0	1	0	0	0	0	0	1	1	0	0	0	0	0	0	0	0	3	0	0	2	1	0	0	0	0	0	0	0
VSR	Distrito Federal	AP	Brazil	1.0	121	68	110	340	420	803	1015	483	585	235	325	190	207	384	247	147	90	35	38	68	99	111	105	129	146	139	189	134	122	81	58	67	52	52	40	44	47	74	65	80	62	29	31	37	64	54	39	33	65	0	77	71	89	90	0	0	52	47	38	40	0
VSR	Paraná	AP	Brazil	1.0	1	0	43	36	214	267	26	13	47	101	35	49	41	51	30	18	11	11	10	18	38	69	73	84	84	67	103	102	108	120	104	74	46	59	30	38	34	41	54	51	24	34	34	33	32	40	54	19	83	14	115	86	74	44	2	0	28	11	14	19	0
VSR	Rio de Janeiro	AP	Brazil	1.0	569	311	144	386	938	3097	2097	608	557	241	149	84	67	93	68	48	83	24	7	24	30	62	73	105	78	108	95	77	70	46	54	59	34	45	33	19	31	29	44	47	37	29	34	45	51	58	89	36	167	7	120	64	42	44	1	0	28	26	24	30	0
VSR	Maranhão	AP	Brazil	1.0	13	4	9	33	62	71	20	0	61	22	9	6	4	3	1	1	2	4	1	0	1	1	2	1	5	2	1	2	0	1	1	0	0	0	1	0	0	0	0	2	0	0	0	0	1	1	1	0	2	0	0	1	0	0	0	0	1	1	0	0	0
VSR	Rio Grande do Sul	AP	Brazil	1.0	0	0	0	11	60	163	1	0	2	2	1	1	0	1	1	0	3	2	2	7	8	8	7	11	13	7	4	2	7	16	5	2	5	1	2	2	3	0	0	1	2	0	1	1	0	1	0	1	0	2	0	2	5	2	0	0	2	2	1	0	0
VSR	Acre	AP	Brazil	1.0	1	0	3	1	0	3	2	0	0	0	2	0	1	0	0	0	0	0	0	0	1	2	2	0	2	1	0	0	0	1	0	0	0	0	0	0	0	0	0	0	0	0	0	0	0	0	1	0	0	0	0	0	0	0	0	0	0	0	0	0	0
VSR	Paraíba	AP	Brazil	1.0	0	0	1	51	98	67	0	0	3	2	1	3	0	2	1	0	1	0	0	1	1	1	0	0	1	2	0	0	1	4	1	0	3	0	2	0	1	1	0	0	0	0	0	0	0	0	0	0	3	0	0	1	1	0	0	0	1	2	0	0	0
VSR	Amapá	AP	Brazil	1.0	1	5	8	33	25	10	0	0	9	9	1	2	0	1	0	0	1	0	0	0	1	3	0	0	1	0	1	1	1	1	0	0	0	0	0	1	0	0	1	0	0	0	0	0	0	0	0	0	0	0	0	0	0	0	0	0	0	0	0	0	0
VSR	Bahia	AP	Brazil	1.0	39	12	32	43	333	198	115	140	179	114	65	37	15	27	20	6	15	4	4	3	2	4	3	0	1	6	8	3	3	3	2	0	5	4	3	2	1	2	0	1	1	2	2	1	1	1	3	2	2	2	6	3	2	2	0	0	0	0	1	0	0
VSR	Tocantins	AP	Brazil	1.0	3	5	5	2	18	5	1	0	9	12	4	3	0	1	2	0	2	1	0	0	0	0	0	0	0	0	0	0	0	0	0	0	0	0	0	0	0	0	0	0	0	0	0	0	0	0	0	0	0	0	0	2	0	1	0	0	0	0	0	0	0
BOCA	Pará	AP	Brazil	0.0	0	0	0	0	0	0	0	0	0	0	0	0	0	0	0	0	0	0	0	0	0	0	0	0	0	0	0	0	0	0	0	0	0	0	0	0	0	0	0	0	0	0	0	0	0	0	0	0	0	0	0	0	0	0	0	0	0	0	0	0	0
BOCA	Piauí	AP	Brazil	0.0	0	0	0	0	0	0	0	0	0	0	0	0	0	0	0	0	0	0	0	0	0	0	0	0	0	0	0	0	0	0	0	0	0	0	0	0	0	0	0	0	0	0	0	0	0	0	0	0	0	0	0	0	0	0	0	0	0	0	0	0	0
BOCA	Santa Catarina	AP	Brazil	0.0	0	0	0	0	0	0	0	0	0	0	0	0	0	0	0	0	0	0	0	0	0	0	0	0	0	0	0	0	0	0	0	0	0	0	0	0	0	0	0	0	0	0	0	0	0	0	0	0	0	0	0	0	0	0	0	0	0	0	0	0	0
BOCA	Rondônia	AP	Brazil	0.0	0	0	0	0	0	0	0	0	0	0	0	0	0	0	0	0	0	0	0	0	0	0	0	0	0	0	0	0	0	0	0	0	0	0	0	0	0	0	0	0	0	0	0	0	0	0	0	0	0	0	0	0	0	0	0	0	0	0	0	0	0
BOCA	Minas Gerais	AP	Brazil	0.0	0	0	0	0	0	0	0	0	0	0	0	0	0	0	0	0	0	0	0	0	0	0	0	0	0	0	0	0	0	0	0	0	0	0	0	0	0	0	0	0	0	0	0	0	0	0	0	0	0	0	0	0	0	0	0	0	0	0	0	0	0
BOCA	Goiás	AP	Brazil	1.0	0	0	0	35	347	342	158	131	66	54	50	62	46	25	24	22	10	1	0	8	10	0	0	0	0	0	0	0	0	0	0	0	0	0	0	0	0	0	0	0	0	0	0	0	0	0	0	0	0	0	0	0	0	0	0	0	0	1	16	12	0
BOCA	Mato Grosso do Sul	AP	Brazil	0.0	0	0	0	0	0	0	0	0	0	0	0	0	0	0	0	0	0	0	0	0	0	0	0	0	0	0	0	0	0	0	0	0	0	0	0	0	0	0	0	0	0	0	0	0	0	0	0	0	0	0	0	0	0	0	0	0	0	0	0	0	0
BOCA	Amazonas	AP	Brazil	0.0	0	0	0	0	0	0	0	0	0	0	0	0	0	0	0	0	0	0	0	0	0	0	0	0	0	0	0	0	0	0	0	0	0	0	0	0	0	0	0	0	0	0	0	0	0	0	0	0	0	0	0	0	0	0	0	0	0	0	0	0	0
BOCA	Roraima	MA	Brazil	0.0	0	0	0	0	0	0	0	0	0	0	0	0	0	0	0	0	0	0	0	0	0	0	0	0	0	0	0	0	0	0	0	0	0	0	0	0	0	0	0	0	0	0	0	0	0	0	0	0	0	0	0	0	0	0	0	0	0	0	0	0	0
BOCA	Alagoas	AP	Brazil	0.0	0	0	0	0	0	0	0	0	0	0	0	0	0	0	0	0	0	0	0	0	0	0	0	0	0	0	0	0	0	0	0	0	0	0	0	0	0	0	0	0	0	0	0	0	0	0	0	0	0	0	0	0	0	0	0	0	0	0	0	0	0
BOCA	Pernambuco	AP	Brazil	0.0	0	0	0	0	0	0	0	0	0	0	0	0	0	0	0	0	0	0	0	0	0	0	0	0	0	0	0	0	0	0	0	0	0	0	0	0	0	0	0	0	0	0	0	0	0	0	0	0	0	0	0	0	0	0	0	0	0	0	0	0	0
BOCA	Mato Grosso	AP	Brazil	0.0	0	0	0	0	0	0	0	0	0	0	0	0	0	0	0	0	0	0	0	0	0	0	0	0	0	0	0	0	0	0	0	0	0	0	0	0	0	0	0	0	0	0	0	0	0	0	0	0	0	0	0	0	0	0	0	0	0	0	0	0	0
BOCA	Sergipe	AP	Brazil	0.0	0	0	0	0	0	0	0	0	0	0	0	0	0	0	0	0	0	0	0	0	0	0	0	0	0	0	0	0	0	0	0	0	0	0	0	0	0	0	0	0	0	0	0	0	0	0	0	0	0	0	0	0	0	0	0	0	0	0	0	0	0
BOCA	Ceará	AP	Brazil	0.0	0	0	0	0	0	0	0	0	0	0	0	0	0	0	0	0	0	0	0	0	0	0	0	0	0	0	0	0	0	0	0	0	0	0	0	0	0	0	0	0	0	0	0	0	0	0	0	0	0	0	0	0	0	0	0	0	0	0	0	0	0
BOCA	Espírito Santo	AP	Brazil	0.0	0	0	0	0	0	0	0	0	0	0	0	0	0	0	0	0	0	0	0	0	0	0	0	0	0	0	0	0	0	0	0	0	0	0	0	0	0	0	0	0	0	0	0	0	0	0	0	0	0	0	0	0	0	0	0	0	0	0	0	0	0
BOCA	São Paulo	AP	Brazil	0.0	0	0	0	0	0	0	0	0	0	0	0	0	0	0	0	0	0	0	0	0	0	0	0	0	0	0	0	0	0	0	0	0	0	0	0	0	0	0	0	0	0	0	0	0	0	0	0	0	0	0	0	0	0	0	0	0	0	0	0	0	0
BOCA	Rio Grande do Norte	AP	Brazil	0.0	0	0	0	0	0	0	0	0	0	0	0	0	0	0	0	0	0	0	0	0	0	0	0	0	0	0	0	0	0	0	0	0	0	0	0	0	0	0	0	0	0	0	0	0	0	0	0	0	0	0	0	0	0	0	0	0	0	0	0	0	0
BOCA	Distrito Federal	AP	Brazil	0.0	0	0	0	0	0	0	0	0	0	0	0	0	0	0	0	0	0	0	0	0	0	0	0	0	0	0	0	0	0	0	0	0	0	0	0	0	0	0	0	0	0	0	0	0	0	0	0	0	0	0	0	0	0	0	0	0	0	0	0	0	0
BOCA	Paraná	AP	Brazil	0.0	0	0	0	0	0	0	0	0	0	0	0	0	0	0	0	0	0	0	0	0	0	0	0	0	0	0	0	0	0	0	0	0	0	0	0	0	0	0	0	0	0	0	0	0	0	0	0	0	0	0	0	0	0	0	0	0	0	0	0	0	0
BOCA	Rio de Janeiro	AP	Brazil	1.0	0	0	0	0	0	0	3	0	0	0	0	0	0	0	0	0	0	0	0	0	0	0	0	0	0	0	0	0	0	0	0	0	0	0	0	0	0	0	0	0	0	0	0	0	0	0	0	0	0	0	0	0	0	0	0	0	0	0	0	0	0
BOCA	Maranhão	AP	Brazil	0.0	0	0	0	0	0	0	0	0	0	0	0	0	0	0	0	0	0	0	0	0	0	0	0	0	0	0	0	0	0	0	0	0	0	0	0	0	0	0	0	0	0	0	0	0	0	0	0	0	0	0	0	0	0	0	0	0	0	0	0	0	0
BOCA	Rio Grande do Sul	AP	Brazil	0.0	0	0	0	0	0	0	0	0	0	0	0	0	0	0	0	0	0	0	0	0	0	0	0	0	0	0	0	0	0	0	0	0	0	0	0	0	0	0	0	0	0	0	0	0	0	0	0	0	0	0	0	0	0	0	0	0	0	0	0	0	0
BOCA	Acre	AP	Brazil	0.0	0	0	0	0	0	0	0	0	0	0	0	0	0	0	0	0	0	0	0	0	0	0	0	0	0	0	0	0	0	0	0	0	0	0	0	0	0	0	0	0	0	0	0	0	0	0	0	0	0	0	0	0	0	0	0	0	0	0	0	0	0
BOCA	Paraíba	AP	Brazil	0.0	0	0	0	0	0	0	0	0	0	0	0	0	0	0	0	0	0	0	0	0	0	0	0	0	0	0	0	0	0	0	0	0	0	0	0	0	0	0	0	0	0	0	0	0	0	0	0	0	0	0	0	0	0	0	0	0	0	0	0	0	0
BOCA	Amapá	AP	Brazil	0.0	0	0	0	0	0	0	0	0	0	0	0	0	0	0	0	0	0	0	0	0	0	0	0	0	0	0	0	0	0	0	0	0	0	0	0	0	0	0	0	0	0	0	0	0	0	0	0	0	0	0	0	0	0	0	0	0	0	0	0	0	0
BOCA	Bahia	AP	Brazil	0.0	0	0	0	0	0	0	0	0	0	0	0	0	0	0	0	0	0	0	0	0	0	0	0	0	0	0	0	0	0	0	0	0	0	0	0	0	0	0	0	0	0	0	0	0	0	0	0	0	0	0	0	0	0	0	0	0	0	0	0	0	0
BOCA	Tocantins	AP	Brazil	0.0	0	0	0	0	0	0	0	0	0	0	0	0	0	0	0	0	0	0	0	0	0	0	0	0	0	0	0	0	0	0	0	0	0	0	0	0	0	0	0	0	0	0	0	0	0	0	0	0	0	0	0	0	0	0	0	0	0	0	0	0	0
FLUB	Pará	AP	Brazil	1.0	18	23	25	33	32	72	203	127	64	145	30	19	7	9	8	6	23	6	5	4	14	8	2	4	9	4	7	4	4	8	7	6	4	3	1	4	1	5	2	2	4	3	3	3	1	3	3	2	3	3	5	0	3	1	0	0	3	1	0	0	0
FLUB	Piauí	AP	Brazil	1.0	0	0	0	3	25	11	0	0	0	1	0	0	1	0	0	0	0	0	0	0	0	3	0	0	0	0	0	0	2	2	0	0	0	0	0	0	0	0	0	0	0	0	0	0	0	0	0	0	0	0	1	1	0	0	0	0	0	0	0	0	0
FLUB	Santa Catarina	AP	Brazil	1.0	4	6	24	108	410	266	0	0	8	10	8	0	1	1	2	0	3	2	3	4	6	2	7	11	26	11	22	36	35	40	30	58	25	15	14	13	12	9	1	8	6	7	3	3	2	12	22	5	24	12	21	10	14	6	1	0	3	0	0	0	0
FLUB	Rondônia	AP	Brazil	1.0	8	1	4	6	8	11	2	0	6	10	2	4	2	1	1	1	1	0	1	0	1	1	2	3	1	0	1	1	0	0	1	0	0	0	0	0	0	0	0	0	0	1	0	0	0	0	1	0	0	0	0	1	0	0	0	0	0	0	0	0	0
FLUB	Minas Gerais	AP	Brazil	1.0	211	237	210	708	2309	4159	3669	1880	1734	760	428	433	210	201	96	16	112	32	4	3	4	7	7	8	15	10	15	8	10	12	4	1	7	4	4	2	1	6	7	9	13	9	11	10	9	15	8	4	1	3	6	7	2	2	0	0	5	0	0	0	0
FLUB	Goiás	AP	Brazil	1.0	60	57	99	623	1141	1545	903	530	606	371	282	224	146	163	157	43	104	33	19	36	47	19	30	39	46	39	50	25	29	20	36	10	14	20	13	14	17	21	16	34	44	131	104	112	55	36	31	22	35	38	61	41	24	26	8	0	6	4	27	21	0
FLUB	Mato Grosso do Sul	AP	Brazil	1.0	10	9	6	20	74	245	339	417	262	228	93	33	6	10	3	0	10	3	1	1	0	0	0	0	6	4	2	4	1	0	4	4	1	3	2	2	2	2	1	0	5	4	2	3	1	1	2	1	1	1	2	3	0	4	0	0	3	0	0	0	0
FLUB	Amazonas	AP	Brazil	1.0	3	11	9	10	14	22	420	59	79	4	1	0	0	0	2	0	1	0	0	0	0	1	0	0	0	0	0	0	0	0	0	0	1	0	0	1	0	0	0	0	0	0	0	0	0	0	0	0	0	0	0	0	0	0	0	0	0	0	0	0	0
FLUB	Roraima	MA	Brazil	0.0	0	0	0	0	0	0	0	0	0	0	0	0	0	0	0	0	0	0	0	0	0	0	0	0	0	0	0	0	0	0	0	0	0	0	0	0	0	0	0	0	0	0	0	0	0	0	0	0	0	0	0	0	0	0	0	0	0	0	0	0	0
FLUB	Alagoas	AP	Brazil	1.0	0	0	1	19	166	169	0	0	11	2	6	4	0	2	0	0	1	1	0	2	1	4	2	4	1	0	2	5	5	5	2	2	1	2	1	0	1	0	0	0	0	0	1	0	2	1	0	0	0	1	7	1	0	1	0	0	1	1	0	0	0
FLUB	Pernambuco	AP	Brazil	1.0	8	18	10	107	80	76	1	0	3	5	2	3	2	3	2	5	0	0	0	0	1	2	7	2	8	5	6	13	4	1	3	2	2	1	0	0	0	1	1	1	2	2	0	0	0	2	2	3	2	0	2	4	0	0	0	0	0	0	0	0	0
FLUB	Mato Grosso	AP	Brazil	1.0	158	168	134	704	940	1640	2548	1017	795	463	190	175	84	57	57	27	65	9	0	2	2	2	1	1	2	2	3	2	1	3	3	2	1	1	1	1	0	2	1	1	0	0	1	1	0	3	4	0	1	2	3	1	0	3	0	0	0	0	0	0	0
FLUB	Sergipe	AP	Brazil	1.0	0	0	0	5	32	65	0	0	20	3	8	4	2	0	3	0	1	1	1	1	4	3	7	8	4	3	8	11	7	7	2	4	2	1	3	2	2	2	4	2	3	6	1	5	5	4	1	3	4	2	1	2	1	4	0	0	4	0	0	0	0
FLUB	Ceará	AP	Brazil	1.0	0	1	0	84	281	232	0	0	0	1	0	0	0	2	0	0	1	0	1	1	0	0	1	3	2	1	0	1	1	1	1	2	1	1	1	1	1	0	1	1	0	1	0	0	1	0	0	0	2	0	0	1	1	0	0	0	0	0	0	0	0
FLUB	Espírito Santo	AP	Brazil	1.0	54	52	17	57	55	110	196	140	101	38	12	14	16	18	9	2	7	3	2	1	2	2	2	0	2	3	2	1	1	1	5	0	0	1	1	0	0	1	1	0	2	0	1	0	0	5	0	2	3	1	2	0	1	0	0	0	0	0	0	0	0
FLUB	São Paulo	AP	Brazil	1.0	1234	1456	1074	3328	9226	13154	11085	3662	2914	2784	1784	1357	566	695	597	259	514	229	67	149	179	262	279	281	336	392	379	319	333	284	274	262	193	166	171	194	197	233	240	264	278	409	461	599	438	492	500	213	571	46	453	320	283	284	5	0	143	118	93	131	0
FLUB	Rio Grande do Norte	AP	Brazil	1.0	0	1	2	1	2	32	0	0	1	2	1	0	0	0	0	0	0	1	0	0	1	0	1	1	0	0	0	4	1	1	0	1	0	1	0	0	0	0	0	1	1	0	0	0	0	0	0	0	0	3	0	0	2	1	0	0	0	0	0	0	0
FLUB	Distrito Federal	AP	Brazil	1.0	121	68	110	340	420	803	1015	483	585	235	325	190	207	384	247	147	90	35	38	68	99	111	105	129	146	139	189	134	122	81	58	67	52	52	40	44	47	74	65	80	62	29	31	37	64	54	39	33	65	0	77	71	89	90	0	0	52	47	38	40	0
FLUB	Paraná	AP	Brazil	1.0	1	0	43	36	214	267	26	13	47	101	35	49	41	51	30	18	11	11	10	18	38	69	73	84	84	67	103	102	108	120	104	74	46	59	30	38	34	41	54	51	24	34	34	33	32	40	54	19	83	14	115	86	74	44	2	0	28	11	14	19	0
FLUB	Rio de Janeiro	AP	Brazil	1.0	569	311	144	386	938	3097	2097	608	557	241	149	84	67	93	68	48	83	24	7	24	30	62	73	105	78	108	95	77	70	46	54	59	34	45	33	19	31	29	44	47	37	29	34	45	51	58	89	36	167	7	120	64	42	44	1	0	28	25	24	30	0
FLUB	Maranhão	AP	Brazil	1.0	13	4	9	33	62	71	20	0	61	22	9	6	4	3	1	1	2	4	1	0	1	1	2	1	5	2	1	2	0	1	1	0	0	0	1	0	0	0	0	2	0	0	0	0	1	1	1	0	2	0	0	1	0	0	0	0	1	1	0	0	0
FLUB	Rio Grande do Sul	AP	Brazil	1.0	0	0	0	11	60	163	1	0	2	2	1	1	0	1	1	0	3	2	2	7	8	8	7	11	13	7	4	2	7	16	5	2	5	1	2	2	3	0	0	1	2	0	1	1	0	1	0	1	0	2	0	2	5	2	0	0	2	2	1	0	0
FLUB	Acre	AP	Brazil	1.0	1	0	3	1	0	3	2	0	0	0	2	0	1	0	0	0	0	0	0	0	1	2	2	0	2	1	0	0	0	1	0	0	0	0	0	0	0	0	0	0	0	0	0	0	0	0	1	0	0	0	0	0	0	0	0	0	0	0	0	0	0
FLUB	Paraíba	AP	Brazil	1.0	0	0	1	51	98	67	0	0	3	2	1	3	0	2	1	0	1	0	0	1	1	1	0	0	1	2	0	0	1	4	1	0	3	0	2	0	1	1	0	0	0	0	0	0	0	0	0	0	3	0	0	1	1	0	0	0	1	1	0	0	0
FLUB	Amapá	AP	Brazil	1.0	1	5	8	33	25	10	0	0	9	9	1	2	0	1	0	0	1	0	0	0	1	3	0	0	1	0	1	1	1	1	0	0	0	0	0	1	0	0	1	0	0	0	0	0	0	0	0	0	0	0	0	0	0	0	0	0	0	0	0	0	0
FLUB	Bahia	AP	Brazil	1.0	39	12	32	43	333	198	115	140	179	114	65	37	15	27	20	6	15	4	4	3	2	4	3	0	1	6	8	3	3	3	2	0	5	4	3	2	1	2	0	1	1	2	2	1	1	1	3	2	2	2	6	3	2	2	0	0	0	0	1	0	0
FLUB	Tocantins	AP	Brazil	1.0	3	5	5	2	18	5	1	0	9	12	4	3	0	1	2	0	2	1	0	0	0	0	0	0	0	0	0	0	0	0	0	0	0	0	0	0	0	0	0	0	0	0	0	0	0	0	0	0	0	0	0	2	0	1	0	0	0	0	0	0	0
FLUA	Pará	AP	Brazil	1.0	18	23	25	33	32	72	203	127	64	145	30	19	7	9	8	6	23	6	5	4	14	8	2	4	9	4	7	4	4	8	7	6	4	3	1	4	1	5	2	2	4	3	3	3	1	3	3	2	3	3	5	0	3	1	0	0	3	1	0	0	0
FLUA	Piauí	AP	Brazil	1.0	0	0	0	3	25	11	0	0	0	1	0	0	1	0	0	0	0	0	0	0	0	3	0	0	0	0	0	0	2	2	0	0	0	0	0	0	0	0	0	0	0	0	0	0	0	0	0	0	0	0	1	1	0	0	0	0	0	0	0	0	0
FLUA	Santa Catarina	AP	Brazil	1.0	4	6	24	108	410	266	0	0	8	10	8	0	1	1	2	0	3	2	3	4	6	2	7	11	26	11	22	36	35	40	30	58	25	15	14	13	12	9	1	8	6	7	3	3	2	12	22	5	24	12	21	10	14	6	1	1	3	0	0	0	0
FLUA	Rondônia	AP	Brazil	1.0	8	1	4	6	8	11	2	0	6	10	2	4	2	1	1	1	1	0	1	0	1	1	2	3	1	0	1	1	0	0	1	0	0	0	0	0	0	0	0	0	0	1	0	0	0	0	1	0	0	0	0	1	0	0	0	0	0	0	0	0	0
FLUA	Minas Gerais	AP	Brazil	1.0	211	237	210	708	2311	4160	3670	1880	1734	760	428	433	210	201	96	16	112	32	4	3	4	7	7	8	15	10	15	8	10	12	4	1	7	4	4	2	1	6	7	9	13	9	11	10	9	15	8	4	1	3	6	7	2	2	0	1	5	0	0	0	0
FLUA	Goiás	AP	Brazil	1.0	60	57	99	623	1142	1545	903	530	606	371	282	224	146	163	157	43	104	33	19	36	47	19	30	39	46	39	50	25	29	20	36	10	14	20	13	14	17	21	16	34	44	131	104	112	55	36	31	22	35	38	61	41	24	26	8	0	6	4	26	21	0
FLUA	Mato Grosso do Sul	AP	Brazil	1.0	10	9	6	20	74	245	339	417	262	228	93	33	6	10	3	0	10	3	1	1	0	0	0	0	6	4	2	4	1	0	4	4	1	3	2	2	2	2	1	0	5	4	2	3	1	1	2	1	1	1	2	3	0	4	0	0	3	0	0	0	0
FLUA	Amazonas	AP	Brazil	1.0	3	11	9	10	14	22	420	59	79	4	1	0	0	0	2	0	1	0	0	0	0	1	0	0	0	0	0	0	0	0	0	0	1	0	0	1	0	0	0	0	0	0	0	0	0	0	0	0	0	0	0	0	0	0	0	0	0	0	0	0	0
FLUA	Roraima	MA	Brazil	0.0	0	0	0	0	0	0	0	0	0	0	0	0	0	0	0	0	0	0	0	0	0	0	0	0	0	0	0	0	0	0	0	0	0	0	0	0	0	0	0	0	0	0	0	0	0	0	0	0	0	0	0	0	0	0	0	0	0	0	0	0	0
FLUA	Alagoas	AP	Brazil	1.0	0	0	1	19	166	170	0	0	11	2	6	4	0	2	0	0	1	1	0	2	1	4	2	4	1	0	2	5	5	5	2	2	1	2	1	0	1	0	0	0	0	0	1	0	2	1	0	0	0	1	7	1	0	1	0	0	1	1	0	0	0
FLUA	Pernambuco	AP	Brazil	1.0	8	18	10	107	80	76	1	0	3	5	2	3	2	3	2	5	0	0	0	0	1	2	7	2	8	5	6	13	4	1	3	2	2	1	0	0	0	1	1	1	2	2	0	0	0	2	2	3	2	0	2	4	0	0	0	0	0	0	0	0	0
FLUA	Mato Grosso	AP	Brazil	1.0	158	168	134	704	940	1640	2548	1017	795	463	190	175	84	57	57	27	65	9	0	2	2	2	1	1	2	2	3	2	1	3	3	2	1	1	1	1	0	2	1	1	0	0	1	1	0	3	4	0	1	2	3	1	0	3	0	0	0	0	0	0	0
FLUA	Sergipe	AP	Brazil	1.0	0	0	0	5	32	65	0	0	20	3	8	4	2	0	3	0	1	1	1	1	4	3	7	8	4	3	8	11	7	7	2	4	2	1	3	2	2	2	4	2	3	6	1	5	5	4	1	3	4	2	1	2	1	4	0	0	4	0	0	0	0
FLUA	Ceará	AP	Brazil	1.0	0	1	0	84	281	232	0	0	0	1	0	0	0	2	0	0	1	0	1	1	0	0	1	3	2	1	0	1	1	1	1	2	1	1	1	1	1	0	1	1	0	1	0	0	1	0	0	0	2	0	0	1	1	0	0	0	0	0	0	0	0
FLUA	Espírito Santo	AP	Brazil	1.0	54	52	17	57	55	110	196	140	101	38	12	14	16	18	9	2	7	3	2	1	2	2	2	0	2	3	2	1	1	1	5	0	0	1	1	0	0	1	1	0	2	0	1	0	0	5	0	2	3	1	2	0	1	0	0	0	0	0	0	0	0
FLUA	São Paulo	AP	Brazil	1.0	1234	1456	1073	3327	9229	13156	11085	3664	2914	2784	1784	1357	566	695	597	259	514	229	67	149	179	262	279	281	336	392	379	319	333	284	274	262	193	166	171	194	197	233	240	264	278	409	461	599	438	492	500	213	571	46	453	320	283	284	5	0	143	118	92	131	0
FLUA	Rio Grande do Norte	AP	Brazil	1.0	0	1	2	1	2	32	0	0	1	2	1	0	0	0	0	0	0	1	0	0	1	0	1	1	0	0	0	4	1	1	0	1	0	1	0	0	0	0	0	1	1	0	0	0	0	0	0	0	0	3	0	0	2	1	0	0	0	0	0	0	0
FLUA	Distrito Federal	AP	Brazil	1.0	121	68	110	340	420	803	1015	483	585	235	325	190	207	384	247	147	90	35	38	68	99	111	105	129	146	139	189	134	122	81	58	67	52	52	40	44	47	74	65	80	62	29	31	37	64	54	39	33	65	0	77	71	89	90	0	0	52	47	38	40	0
FLUA	Paraná	AP	Brazil	1.0	1	0	43	36	214	267	26	13	47	101	35	49	41	51	30	18	11	11	10	18	38	69	73	84	84	67	103	102	108	120	104	74	46	59	30	38	34	41	54	51	24	34	34	33	32	40	54	19	83	14	115	86	74	44	2	0	28	11	14	19	0
FLUA	Rio de Janeiro	AP	Brazil	1.0	569	311	144	386	938	3097	2097	608	557	241	149	84	67	93	68	48	83	24	7	24	30	62	73	105	78	108	95	77	70	46	54	59	34	45	33	19	31	29	44	47	37	29	34	45	51	58	89	36	167	7	120	64	42	44	1	0	28	25	24	30	0
FLUA	Maranhão	AP	Brazil	1.0	13	4	9	33	62	71	20	0	61	22	9	6	4	3	1	1	2	4	1	0	1	1	2	1	5	2	1	2	0	1	1	0	0	0	1	0	0	0	0	2	0	0	0	0	1	1	1	0	2	0	0	1	0	0	0	0	1	1	0	0	0
FLUA	Rio Grande do Sul	AP	Brazil	1.0	0	0	0	11	60	163	1	0	2	2	1	1	0	1	1	0	3	2	2	7	8	8	7	11	13	7	4	2	7	16	5	2	5	1	2	2	3	0	0	1	2	0	1	1	0	1	0	1	0	2	0	2	5	2	0	0	2	2	1	0	0
FLUA	Acre	AP	Brazil	1.0	1	0	3	1	0	3	2	0	0	0	2	0	1	0	0	0	0	0	0	0	1	2	2	0	2	1	0	0	0	1	0	0	0	0	0	0	0	0	0	0	0	0	0	0	0	0	1	0	0	0	0	0	0	0	0	0	0	0	0	0	0
FLUA	Paraíba	AP	Brazil	1.0	0	0	1	51	98	67	0	0	3	2	1	3	0	2	1	0	1	0	0	1	1	1	0	0	1	2	0	0	1	4	1	0	4	0	2	0	1	1	0	0	0	0	0	0	0	0	0	0	3	0	0	1	1	0	0	0	1	1	0	0	0
FLUA	Amapá	AP	Brazil	1.0	1	5	8	33	25	10	0	0	9	9	1	2	0	1	0	0	1	0	0	0	1	3	0	0	1	0	1	1	1	1	0	0	0	0	0	1	0	0	1	0	0	0	0	0	0	0	0	0	0	0	0	0	0	0	0	0	0	0	0	0	0
FLUA	Bahia	AP	Brazil	1.0	39	12	32	43	333	198	115	140	179	114	65	37	15	27	20	6	15	4	4	3	2	4	3	0	1	6	8	3	3	3	2	0	5	4	3	2	1	2	0	1	1	2	2	1	1	1	3	2	2	2	6	3	2	2	0	0	0	0	1	0	0
FLUA	Tocantins	AP	Brazil	1.0	3	5	5	2	18	5	1	0	9	12	4	3	0	1	2	0	2	1	0	0	0	0	0	0	0	0	0	0	0	0	0	0	0	0	0	0	0	0	0	0	0	0	0	0	0	0	0	0	0	0	0	2	0	1	0	0	0	0	0	0	0
COVS	Pará	AP	Brazil	0.0	0	0	0	0	0	0	0	0	0	0	0	0	0	0	0	0	0	0	0	0	0	0	0	0	0	0	0	0	0	0	0	0	0	0	0	0	0	0	0	0	0	0	0	0	0	0	0	0	0	0	0	0	0	0	0	0	0	0	0	0	0
COVS	Piauí	AP	Brazil	0.0	0	0	0	0	0	0	0	0	0	0	0	0	0	0	0	0	0	0	0	0	0	0	0	0	0	0	0	0	0	0	0	0	0	0	0	0	0	0	0	0	0	0	0	0	0	0	0	0	0	0	0	0	0	0	0	0	0	0	0	0	0
COVS	Santa Catarina	AP	Brazil	0.0	0	0	0	0	0	0	0	0	0	0	0	0	0	0	0	0	0	0	0	0	0	0	0	0	0	0	0	0	0	0	0	0	0	0	0	0	0	0	0	0	0	0	0	0	0	0	0	0	0	0	0	0	0	0	0	0	0	0	0	0	0
COVS	Rondônia	AP	Brazil	0.0	0	0	0	0	0	0	0	0	0	0	0	0	0	0	0	0	0	0	0	0	0	0	0	0	0	0	0	0	0	0	0	0	0	0	0	0	0	0	0	0	0	0	0	0	0	0	0	0	0	0	0	0	0	0	0	0	0	0	0	0	0
COVS	Minas Gerais	AP	Brazil	0.0	0	0	0	0	0	0	0	0	0	0	0	0	0	0	0	0	0	0	0	0	0	0	0	0	0	0	0	0	0	0	0	0	0	0	0	0	0	0	0	0	0	0	0	0	0	0	0	0	0	0	0	0	0	0	0	0	0	0	0	0	0
COVS	Goiás	AP	Brazil	1.0	0	0	0	35	347	342	158	131	66	54	50	62	46	25	24	22	10	1	0	8	10	0	0	0	0	0	0	0	0	0	0	0	0	0	0	0	0	0	0	0	0	0	0	0	0	0	0	0	0	0	0	0	0	0	0	0	0	1	16	12	0
COVS	Mato Grosso do Sul	AP	Brazil	0.0	0	0	0	0	0	0	0	0	0	0	0	0	0	0	0	0	0	0	0	0	0	0	0	0	0	0	0	0	0	0	0	0	0	0	0	0	0	0	0	0	0	0	0	0	0	0	0	0	0	0	0	0	0	0	0	0	0	0	0	0	0
COVS	Amazonas	AP	Brazil	0.0	0	0	0	0	0	0	0	0	0	0	0	0	0	0	0	0	0	0	0	0	0	0	0	0	0	0	0	0	0	0	0	0	0	0	0	0	0	0	0	0	0	0	0	0	0	0	0	0	0	0	0	0	0	0	0	0	0	0	0	0	0
COVS	Roraima	MA	Brazil	0.0	0	0	0	0	0	0	0	0	0	0	0	0	0	0	0	0	0	0	0	0	0	0	0	0	0	0	0	0	0	0	0	0	0	0	0	0	0	0	0	0	0	0	0	0	0	0	0	0	0	0	0	0	0	0	0	0	0	0	0	0	0
COVS	Alagoas	AP	Brazil	0.0	0	0	0	0	0	0	0	0	0	0	0	0	0	0	0	0	0	0	0	0	0	0	0	0	0	0	0	0	0	0	0	0	0	0	0	0	0	0	0	0	0	0	0	0	0	0	0	0	0	0	0	0	0	0	0	0	0	0	0	0	0
COVS	Pernambuco	AP	Brazil	0.0	0	0	0	0	0	0	0	0	0	0	0	0	0	0	0	0	0	0	0	0	0	0	0	0	0	0	0	0	0	0	0	0	0	0	0	0	0	0	0	0	0	0	0	0	0	0	0	0	0	0	0	0	0	0	0	0	0	0	0	0	0
COVS	Mato Grosso	AP	Brazil	0.0	0	0	0	0	0	0	0	0	0	0	0	0	0	0	0	0	0	0	0	0	0	0	0	0	0	0	0	0	0	0	0	0	0	0	0	0	0	0	0	0	0	0	0	0	0	0	0	0	0	0	0	0	0	0	0	0	0	0	0	0	0
COVS	Sergipe	AP	Brazil	0.0	0	0	0	0	0	0	0	0	0	0	0	0	0	0	0	0	0	0	0	0	0	0	0	0	0	0	0	0	0	0	0	0	0	0	0	0	0	0	0	0	0	0	0	0	0	0	0	0	0	0	0	0	0	0	0	0	0	0	0	0	0
COVS	Ceará	AP	Brazil	0.0	0	0	0	0	0	0	0	0	0	0	0	0	0	0	0	0	0	0	0	0	0	0	0	0	0	0	0	0	0	0	0	0	0	0	0	0	0	0	0	0	0	0	0	0	0	0	0	0	0	0	0	0	0	0	0	0	0	0	0	0	0
COVS	Espírito Santo	AP	Brazil	0.0	0	0	0	0	0	0	0	0	0	0	0	0	0	0	0	0	0	0	0	0	0	0	0	0	0	0	0	0	0	0	0	0	0	0	0	0	0	0	0	0	0	0	0	0	0	0	0	0	0	0	0	0	0	0	0	0	0	0	0	0	0
COVS	São Paulo	AP	Brazil	0.0	0	0	0	0	0	0	0	0	0	0	0	0	0	0	0	0	0	0	0	0	0	0	0	0	0	0	0	0	0	0	0	0	0	0	0	0	0	0	0	0	0	0	0	0	0	0	0	0	0	0	0	0	0	0	0	0	0	0	0	0	0
COVS	Rio Grande do Norte	AP	Brazil	0.0	0	0	0	0	0	0	0	0	0	0	0	0	0	0	0	0	0	0	0	0	0	0	0	0	0	0	0	0	0	0	0	0	0	0	0	0	0	0	0	0	0	0	0	0	0	0	0	0	0	0	0	0	0	0	0	0	0	0	0	0	0
COVS	Distrito Federal	AP	Brazil	0.0	0	0	0	0	0	0	0	0	0	0	0	0	0	0	0	0	0	0	0	0	0	0	0	0	0	0	0	0	0	0	0	0	0	0	0	0	0	0	0	0	0	0	0	0	0	0	0	0	0	0	0	0	0	0	0	0	0	0	0	0	0
COVS	Paraná	AP	Brazil	0.0	0	0	0	0	0	0	0	0	0	0	0	0	0	0	0	0	0	0	0	0	0	0	0	0	0	0	0	0	0	0	0	0	0	0	0	0	0	0	0	0	0	0	0	0	0	0	0	0	0	0	0	0	0	0	0	0	0	0	0	0	0
COVS	Rio de Janeiro	AP	Brazil	1.0	0	0	0	0	0	0	3	0	0	0	0	0	0	0	0	0	0	0	0	0	0	0	0	0	0	0	0	0	0	0	0	0	0	0	0	0	0	0	0	0	0	0	0	0	0	0	0	0	0	0	0	0	0	0	0	0	0	0	0	0	0
COVS	Maranhão	AP	Brazil	0.0	0	0	0	0	0	0	0	0	0	0	0	0	0	0	0	0	0	0	0	0	0	0	0	0	0	0	0	0	0	0	0	0	0	0	0	0	0	0	0	0	0	0	0	0	0	0	0	0	0	0	0	0	0	0	0	0	0	0	0	0	0
COVS	Rio Grande do Sul	AP	Brazil	0.0	0	0	0	0	0	0	0	0	0	0	0	0	0	0	0	0	0	0	0	0	0	0	0	0	0	0	0	0	0	0	0	0	0	0	0	0	0	0	0	0	0	0	0	0	0	0	0	0	0	0	0	0	0	0	0	0	0	0	0	0	0
COVS	Acre	AP	Brazil	0.0	0	0	0	0	0	0	0	0	0	0	0	0	0	0	0	0	0	0	0	0	0	0	0	0	0	0	0	0	0	0	0	0	0	0	0	0	0	0	0	0	0	0	0	0	0	0	0	0	0	0	0	0	0	0	0	0	0	0	0	0	0
COVS	Paraíba	AP	Brazil	0.0	0	0	0	0	0	0	0	0	0	0	0	0	0	0	0	0	0	0	0	0	0	0	0	0	0	0	0	0	0	0	0	0	0	0	0	0	0	0	0	0	0	0	0	0	0	0	0	0	0	0	0	0	0	0	0	0	0	0	0	0	0
COVS	Amapá	AP	Brazil	0.0	0	0	0	0	0	0	0	0	0	0	0	0	0	0	0	0	0	0	0	0	0	0	0	0	0	0	0	0	0	0	0	0	0	0	0	0	0	0	0	0	0	0	0	0	0	0	0	0	0	0	0	0	0	0	0	0	0	0	0	0	0
COVS	Bahia	AP	Brazil	0.0	0	0	0	0	0	0	0	0	0	0	0	0	0	0	0	0	0	0	0	0	0	0	0	0	0	0	0	0	0	0	0	0	0	0	0	0	0	0	0	0	0	0	0	0	0	0	0	0	0	0	0	0	0	0	0	0	0	0	0	0	0
COVS	Tocantins	AP	Brazil	0.0	0	0	0	0	0	0	0	0	0	0	0	0	0	0	0	0	0	0	0	0	0	0	0	0	0	0	0	0	0	0	0	0	0	0	0	0	0	0	0	0	0	0	0	0	0	0	0	0	0	0	0	0	0	0	0	0	0	0	0	0	0
SC2	Pará	AP	Brazil	1.0	38	56	53	49	222	383	823	786	373	353	148	87	58	82	42	57	114	62	50	27	54	45	32	25	55	50	58	42	82	105	133	137	78	48	29	34	26	27	19	13	29	18	18	5	21	43	84	28	23	45	49	38	26	4	2	3	8	2	15	22	0
SC2	Piauí	AP	Brazil	1.0	2	0	0	3	25	11	0	194	8	1	0	0	1	0	0	1	0	0	1	7	2	15	15	19	2	0	5	0	2	45	30	10	22	8	6	3	2	7	8	5	10	4	0	1	0	4	2	1	1	10	17	21	18	14	2	0	4	1	2	1	1
SC2	Santa Catarina	AP	Brazil	1.0	74	7	29	118	745	284	16	2	15	17	11	7	6	32	16	14	18	24	25	17	48	40	49	59	68	44	66	52	38	179	350	346	290	303	257	42	220	211	350	298	344	285	243	255	155	281	291	261	217	325	408	576	530	772	1	5	614	556	259	12	6
SC2	Rondônia	AP	Brazil	1.0	9	7	4	9	8	13	2	0	8	11	5	5	4	1	2	3	3	0	3	1	3	4	3	6	2	0	3	13	73	98	62	4	0	1	2	0	1	0	5	8	11	16	11	12	7	8	4	3	7	9	27	26	25	27	0	3	12	2	8	2	0
SC2	Minas Gerais	AP	Brazil	1.0	419	439	813	1376	3000	4374	4060	2497	2264	1173	673	487	403	346	275	260	214	203	211	167	275	220	299	432	602	305	881	544	553	407	425	400	279	207	143	158	201	113	133	188	140	105	166	190	63	193	52	52	70	67	174	213	169	176	14	31	65	57	42	35	1
SC2	Goiás	AP	Brazil	1.0	123	143	180	752	1942	2424	1570	1050	983	677	437	359	345	272	233	144	179	121	128	101	132	84	165	157	263	299	624	472	622	4194	3304	2432	1963	1532	1377	1230	1131	1105	1006	936	1005	913	728	608	470	500	482	386	641	1341	2343	2524	1898	1908	10	39	44	73	819	708	0
SC2	Mato Grosso do Sul	AP	Brazil	1.0	73	44	111	132	267	313	383	575	409	291	141	51	47	24	15	29	22	20	17	37	24	39	45	67	41	28	131	52	115	144	133	87	47	51	45	30	28	32	16	17	28	18	22	7	3	15	9	3	7	16	13	22	23	19	0	1	21	9	12	6	0
SC2	Amazonas	AP	Brazil	1.0	7	16	18	85	572	1770	1897	1003	433	154	164	141	68	114	107	96	51	138	54	30	40	34	52	46	38	52	76	67	202	239	403	280	324	161	67	80	54	38	63	27	25	17	15	0	42	73	96	20	15	42	34	29	29	7	0	2	0	1	0	0	0
SC2	Roraima	MA	Brazil	1.0	0	0	0	0	0	5	0	18	30	11	15	6	1	0	1	1	3	1	1	4	0	0	1	1	1	0	2	2	9	8	7	7	5	3	2	3	0	1	3	0	2	2	0	1	0	1	0	0	0	3	2	1	0	0	0	0	0	0	0	0	0
SC2	Alagoas	AP	Brazil	1.0	0	0	1	19	167	170	1	2	12	2	6	4	0	2	0	1	3	2	0	2	1	5	3	4	1	0	2	5	5	36	33	27	23	9	6	0	6	2	7	5	5	4	4	4	4	3	0	0	4	4	17	18	13	15	0	0	2	4	2	2	0
SC2	Pernambuco	AP	Brazil	1.0	18	36	32	119	94	78	7	610	391	5	7	3	2	3	7	10	10	7	4	8	11	11	26	9	17	10	13	18	6	1564	1050	763	581	498	544	31	506	592	377	269	312	308	313	308	238	285	261	320	928	1206	1139	524	131	104	16	0	290	346	259	249	32
SC2	Mato Grosso	AP	Brazil	1.0	275	436	447	912	2800	4170	4500	2636	2111	1274	880	699	502	482	417	349	335	293	345	227	249	170	269	255	412	522	740	721	929	995	900	793	490	290	270	242	200	226	182	156	167	152	131	13	78	100	97	19	50	177	281	361	422	119	0	25	28	21	18	15	0
SC2	Sergipe	AP	Brazil	1.0	1	0	0	5	33	65	0	40	115	3	10	4	2	0	3	1	1	1	1	1	5	3	8	8	4	3	8	11	7	46	39	26	11	6	11	2	8	6	5	7	4	7	3	5	7	4	1	3	6	10	23	24	9	12	1	0	4	0	1	0	0
SC2	Ceará	AP	Brazil	1.0	2	2	1	86	300	232	0	11	5	2	0	2	0	2	0	0	3	1	2	3	1	4	1	5	2	2	1	1	2	155	187	126	53	43	20	3	14	26	11	18	16	15	14	13	14	8	9	4	12	58	175	146	51	34	5	0	12	13	3	7	0
SC2	Espírito Santo	AP	Brazil	1.0	112	84	88	105	103	114	257	250	137	46	47	17	27	34	34	36	24	9	26	49	72	90	74	106	95	20	301	169	405	484	450	356	161	137	133	68	9	13	48	15	50	26	18	24	18	27	31	11	15	62	50	50	42	30	3	2	78	48	6	4	0
SC2	São Paulo	AP	Brazil	1.0	2759	3468	3507	6636	21679	17785	13149	5630	5577	4560	7270	2177	1478	1753	1322	6811	7563	8043	7241	6355	9058	9165	9725	11506	13715	15531	14213	8192	7428	6239	9710	10254	7447	4820	4607	4288	4816	4378	3948	3231	3659	3854	3454	3183	1920	2654	3001	527	1581	1643	2054	1389	1173	920	53	103	757	2005	1718	1914	1
SC2	Rio Grande do Norte	AP	Brazil	1.0	1	20	3	2	4	32	1	57	230	2	10	0	0	0	0	27	37	27	8	11	14	11	9	6	3	2	6	11	3	38	21	22	12	12	8	1	13	7	1	7	8	3	5	4	0	1	4	2	3	25	42	40	26	20	1	0	1	3	4	0	0
SC2	Distrito Federal	AP	Brazil	1.0	210	282	295	1970	19427	24143	20303	23196	21133	14300	9283	6598	4591	4615	3487	3142	3005	2436	2351	2017	2543	2559	3519	4049	7219	15170	21860	16942	14879	9283	5450	3824	2711	2325	2047	2206	1784	1754	1691	1547	1816	1190	955	53	782	988	837	208	536	3259	5211	5849	6647	569	2	76	67	70	47	54	0
SC2	Paraná	AP	Brazil	1.0	9	5	48	55	255	291	31	24	52	138	37	50	44	53	35	37	25	27	19	32	55	84	88	98	97	86	124	110	119	2554	2600	2167	1560	1252	1110	144	1131	999	907	564	613	548	518	562	400	436	482	336	814	1435	1834	1617	1478	1037	19	1	424	304	225	169	32
SC2	Rio de Janeiro	AP	Brazil	1.0	11009	3941	6723	9159	11544	4734	9695	9166	4040	1132	858	2042	634	1785	3260	2948	2833	1675	1515	1701	2502	1836	1515	1432	1336	806	2786	2010	1626	1262	3913	4859	2546	2190	1590	1395	385	114	528	508	883	901	300	698	612	802	837	139	480	432	584	376	243	183	6	10	636	758	597	640	0
SC2	Maranhão	AP	Brazil	1.0	18	15	9	56	1044	934	341	265	257	147	117	84	47	47	21	25	22	42	22	16	27	42	53	47	59	83	66	23	44	55	61	40	29	12	16	19	12	22	15	9	14	2	5	2	3	3	17	2	6	22	21	21	13	5	2	0	1	5	1	2	0
SC2	Rio Grande do Sul	AP	Brazil	1.0	4	4	1	17	67	163	2	1	2	3	1	3	0	1	3	6	6	9	6	14	15	11	9	16	23	13	9	8	11	149	145	123	119	116	76	3	71	70	58	60	70	27	42	19	39	14	54	14	40	40	36	39	72	73	0	0	46	18	13	14	0
SC2	Acre	AP	Brazil	1.0	1	0	4	1	1	3	2	0	0	0	3	0	1	0	0	0	0	0	0	1	1	2	2	0	2	1	0	0	0	1	0	0	1	0	0	0	0	0	1	0	0	0	0	0	0	0	1	0	0	0	0	0	0	0	0	0	1	0	0	0	0
SC2	Paraíba	AP	Brazil	1.0	1	0	2	52	98	67	0	208	207	2	9	5	0	2	1	1	3	1	0	1	2	2	1	2	1	2	3	0	1	1187	911	472	380	283	217	3	176	192	112	76	102	79	88	59	62	89	70	80	841	1590	1126	400	187	186	1	0	87	97	67	63	4
SC2	Amapá	AP	Brazil	1.0	4	5	9	36	25	11	1	0	9	10	4	2	0	1	0	0	1	3	2	2	1	3	1	1	1	0	2	1	1	1	5	0	3	1	1	1	2	1	1	0	0	2	2	0	1	1	1	0	0	0	0	0	0	0	0	0	1	1	0	0	0
SC2	Bahia	AP	Brazil	1.0	75	46	90	182	2758	3248	2776	2926	1844	1005	623	505	366	331	289	203	286	195	148	118	176	177	166	123	126	225	469	456	373	629	610	449	325	225	166	161	180	163	110	99	108	95	65	16	44	68	39	18	43	320	728	599	269	96	5	0	13	22	15	16	2
SC2	Tocantins	AP	Brazil	1.0	12	12	13	27	399	624	597	569	413	293	214	187	98	86	54	70	66	59	27	30	47	47	46	47	56	81	163	77	154	129	96	76	54	47	34	36	23	25	10	12	18	10	11	0	6	12	12	0	3	30	41	66	101	9	0	1	0	0	0	0	0
RINO	Pará	AP	Brazil	0.0	0	0	0	0	0	0	0	0	0	0	0	0	0	0	0	0	0	0	0	0	0	0	0	0	0	0	0	0	0	0	0	0	0	0	0	0	0	0	0	0	0	0	0	0	0	0	0	0	0	0	0	0	0	0	0	0	0	0	0	0	0
RINO	Piauí	AP	Brazil	0.0	0	0	0	0	0	0	0	0	0	0	0	0	0	0	0	0	0	0	0	0	0	0	0	0	0	0	0	0	0	0	0	0	0	0	0	0	0	0	0	0	0	0	0	0	0	0	0	0	0	0	0	0	0	0	0	0	0	0	0	0	0
RINO	Santa Catarina	AP	Brazil	0.0	0	0	0	0	0	0	0	0	0	0	0	0	0	0	0	0	0	0	0	0	0	0	0	0	0	0	0	0	0	0	0	0	0	0	0	0	0	0	0	0	0	0	0	0	0	0	0	0	0	0	0	0	0	0	0	0	0	0	0	0	0
RINO	Rondônia	AP	Brazil	0.0	0	0	0	0	0	0	0	0	0	0	0	0	0	0	0	0	0	0	0	0	0	0	0	0	0	0	0	0	0	0	0	0	0	0	0	0	0	0	0	0	0	0	0	0	0	0	0	0	0	0	0	0	0	0	0	0	0	0	0	0	0
RINO	Minas Gerais	AP	Brazil	0.0	0	0	0	0	0	0	0	0	0	0	0	0	0	0	0	0	0	0	0	0	0	0	0	0	0	0	0	0	0	0	0	0	0	0	0	0	0	0	0	0	0	0	0	0	0	0	0	0	0	0	0	0	0	0	0	0	0	0	0	0	0
RINO	Goiás	AP	Brazil	1.0	0	0	0	35	347	342	158	131	66	54	50	62	46	25	24	22	10	1	0	8	10	0	0	0	0	0	0	0	0	0	0	0	0	0	0	0	0	0	0	0	0	0	0	0	0	0	0	0	0	0	0	0	0	0	0	0	0	1	16	12	0
RINO	Mato Grosso do Sul	AP	Brazil	0.0	0	0	0	0	0	0	0	0	0	0	0	0	0	0	0	0	0	0	0	0	0	0	0	0	0	0	0	0	0	0	0	0	0	0	0	0	0	0	0	0	0	0	0	0	0	0	0	0	0	0	0	0	0	0	0	0	0	0	0	0	0
RINO	Amazonas	AP	Brazil	0.0	0	0	0	0	0	0	0	0	0	0	0	0	0	0	0	0	0	0	0	0	0	0	0	0	0	0	0	0	0	0	0	0	0	0	0	0	0	0	0	0	0	0	0	0	0	0	0	0	0	0	0	0	0	0	0	0	0	0	0	0	0
RINO	Roraima	MA	Brazil	0.0	0	0	0	0	0	0	0	0	0	0	0	0	0	0	0	0	0	0	0	0	0	0	0	0	0	0	0	0	0	0	0	0	0	0	0	0	0	0	0	0	0	0	0	0	0	0	0	0	0	0	0	0	0	0	0	0	0	0	0	0	0
RINO	Alagoas	AP	Brazil	0.0	0	0	0	0	0	0	0	0	0	0	0	0	0	0	0	0	0	0	0	0	0	0	0	0	0	0	0	0	0	0	0	0	0	0	0	0	0	0	0	0	0	0	0	0	0	0	0	0	0	0	0	0	0	0	0	0	0	0	0	0	0
RINO	Pernambuco	AP	Brazil	0.0	0	0	0	0	0	0	0	0	0	0	0	0	0	0	0	0	0	0	0	0	0	0	0	0	0	0	0	0	0	0	0	0	0	0	0	0	0	0	0	0	0	0	0	0	0	0	0	0	0	0	0	0	0	0	0	0	0	0	0	0	0
RINO	Mato Grosso	AP	Brazil	0.0	0	0	0	0	0	0	0	0	0	0	0	0	0	0	0	0	0	0	0	0	0	0	0	0	0	0	0	0	0	0	0	0	0	0	0	0	0	0	0	0	0	0	0	0	0	0	0	0	0	0	0	0	0	0	0	0	0	0	0	0	0
RINO	Sergipe	AP	Brazil	0.0	0	0	0	0	0	0	0	0	0	0	0	0	0	0	0	0	0	0	0	0	0	0	0	0	0	0	0	0	0	0	0	0	0	0	0	0	0	0	0	0	0	0	0	0	0	0	0	0	0	0	0	0	0	0	0	0	0	0	0	0	0
RINO	Ceará	AP	Brazil	0.0	0	0	0	0	0	0	0	0	0	0	0	0	0	0	0	0	0	0	0	0	0	0	0	0	0	0	0	0	0	0	0	0	0	0	0	0	0	0	0	0	0	0	0	0	0	0	0	0	0	0	0	0	0	0	0	0	0	0	0	0	0
RINO	Espírito Santo	AP	Brazil	0.0	0	0	0	0	0	0	0	0	0	0	0	0	0	0	0	0	0	0	0	0	0	0	0	0	0	0	0	0	0	0	0	0	0	0	0	0	0	0	0	0	0	0	0	0	0	0	0	0	0	0	0	0	0	0	0	0	0	0	0	0	0
RINO	São Paulo	AP	Brazil	0.0	0	0	0	0	0	0	0	0	0	0	0	0	0	0	0	0	0	0	0	0	0	0	0	0	0	0	0	0	0	0	0	0	0	0	0	0	0	0	0	0	0	0	0	0	0	0	0	0	0	0	0	0	0	0	0	0	0	0	0	0	0
RINO	Rio Grande do Norte	AP	Brazil	0.0	0	0	0	0	0	0	0	0	0	0	0	0	0	0	0	0	0	0	0	0	0	0	0	0	0	0	0	0	0	0	0	0	0	0	0	0	0	0	0	0	0	0	0	0	0	0	0	0	0	0	0	0	0	0	0	0	0	0	0	0	0
RINO	Distrito Federal	AP	Brazil	0.0	0	0	0	0	0	0	0	0	0	0	0	0	0	0	0	0	0	0	0	0	0	0	0	0	0	0	0	0	0	0	0	0	0	0	0	0	0	0	0	0	0	0	0	0	0	0	0	0	0	0	0	0	0	0	0	0	0	0	0	0	0
RINO	Paraná	AP	Brazil	0.0	0	0	0	0	0	0	0	0	0	0	0	0	0	0	0	0	0	0	0	0	0	0	0	0	0	0	0	0	0	0	0	0	0	0	0	0	0	0	0	0	0	0	0	0	0	0	0	0	0	0	0	0	0	0	0	0	0	0	0	0	0
RINO	Rio de Janeiro	AP	Brazil	1.0	0	0	0	0	0	0	3	0	0	0	0	0	0	0	0	0	0	0	0	0	0	0	0	0	0	0	0	0	0	0	0	0	0	0	0	0	0	0	0	0	0	0	0	0	0	0	0	0	0	0	0	0	0	0	0	0	0	0	0	0	0
RINO	Maranhão	AP	Brazil	0.0	0	0	0	0	0	0	0	0	0	0	0	0	0	0	0	0	0	0	0	0	0	0	0	0	0	0	0	0	0	0	0	0	0	0	0	0	0	0	0	0	0	0	0	0	0	0	0	0	0	0	0	0	0	0	0	0	0	0	0	0	0
RINO	Rio Grande do Sul	AP	Brazil	0.0	0	0	0	0	0	0	0	0	0	0	0	0	0	0	0	0	0	0	0	0	0	0	0	0	0	0	0	0	0	0	0	0	0	0	0	0	0	0	0	0	0	0	0	0	0	0	0	0	0	0	0	0	0	0	0	0	0	0	0	0	0
RINO	Acre	AP	Brazil	0.0	0	0	0	0	0	0	0	0	0	0	0	0	0	0	0	0	0	0	0	0	0	0	0	0	0	0	0	0	0	0	0	0	0	0	0	0	0	0	0	0	0	0	0	0	0	0	0	0	0	0	0	0	0	0	0	0	0	0	0	0	0
RINO	Paraíba	AP	Brazil	0.0	0	0	0	0	0	0	0	0	0	0	0	0	0	0	0	0	0	0	0	0	0	0	0	0	0	0	0	0	0	0	0	0	0	0	0	0	0	0	0	0	0	0	0	0	0	0	0	0	0	0	0	0	0	0	0	0	0	0	0	0	0
RINO	Amapá	AP	Brazil	0.0	0	0	0	0	0	0	0	0	0	0	0	0	0	0	0	0	0	0	0	0	0	0	0	0	0	0	0	0	0	0	0	0	0	0	0	0	0	0	0	0	0	0	0	0	0	0	0	0	0	0	0	0	0	0	0	0	0	0	0	0	0
RINO	Bahia	AP	Brazil	0.0	0	0	0	0	0	0	0	0	0	0	0	0	0	0	0	0	0	0	0	0	0	0	0	0	0	0	0	0	0	0	0	0	0	0	0	0	0	0	0	0	0	0	0	0	0	0	0	0	0	0	0	0	0	0	0	0	0	0	0	0	0
RINO	Tocantins	AP	Brazil	0.0	0	0	0	0	0	0	0	0	0	0	0	0	0	0	0	0	0	0	0	0	0	0	0	0	0	0	0	0	0	0	0	0	0	0	0	0	0	0	0	0	0	0	0	0	0	0	0	0	0	0	0	0	0	0	0	0	0	0	0	0	0
ENTERO	Pará	AP	Brazil	0.0	0	0	0	0	0	0	0	0	0	0	0	0	0	0	0	0	0	0	0	0	0	0	0	0	0	0	0	0	0	0	0	0	0	0	0	0	0	0	0	0	0	0	0	0	0	0	0	0	0	0	0	0	0	0	0	0	0	0	0	0	0
ENTERO	Piauí	AP	Brazil	0.0	0	0	0	0	0	0	0	0	0	0	0	0	0	0	0	0	0	0	0	0	0	0	0	0	0	0	0	0	0	0	0	0	0	0	0	0	0	0	0	0	0	0	0	0	0	0	0	0	0	0	0	0	0	0	0	0	0	0	0	0	0
ENTERO	Santa Catarina	AP	Brazil	0.0	0	0	0	0	0	0	0	0	0	0	0	0	0	0	0	0	0	0	0	0	0	0	0	0	0	0	0	0	0	0	0	0	0	0	0	0	0	0	0	0	0	0	0	0	0	0	0	0	0	0	0	0	0	0	0	0	0	0	0	0	0
ENTERO	Rondônia	AP	Brazil	0.0	0	0	0	0	0	0	0	0	0	0	0	0	0	0	0	0	0	0	0	0	0	0	0	0	0	0	0	0	0	0	0	0	0	0	0	0	0	0	0	0	0	0	0	0	0	0	0	0	0	0	0	0	0	0	0	0	0	0	0	0	0
ENTERO	Minas Gerais	AP	Brazil	0.0	0	0	0	0	0	0	0	0	0	0	0	0	0	0	0	0	0	0	0	0	0	0	0	0	0	0	0	0	0	0	0	0	0	0	0	0	0	0	0	0	0	0	0	0	0	0	0	0	0	0	0	0	0	0	0	0	0	0	0	0	0
ENTERO	Goiás	AP	Brazil	1.0	0	0	0	35	347	342	158	131	66	54	50	62	46	25	24	22	10	1	0	8	10	0	0	0	0	0	0	0	0	0	0	0	0	0	0	0	0	0	0	0	0	0	0	0	0	0	0	0	0	0	0	0	0	0	0	0	0	1	16	12	0
ENTERO	Mato Grosso do Sul	AP	Brazil	0.0	0	0	0	0	0	0	0	0	0	0	0	0	0	0	0	0	0	0	0	0	0	0	0	0	0	0	0	0	0	0	0	0	0	0	0	0	0	0	0	0	0	0	0	0	0	0	0	0	0	0	0	0	0	0	0	0	0	0	0	0	0
ENTERO	Amazonas	AP	Brazil	0.0	0	0	0	0	0	0	0	0	0	0	0	0	0	0	0	0	0	0	0	0	0	0	0	0	0	0	0	0	0	0	0	0	0	0	0	0	0	0	0	0	0	0	0	0	0	0	0	0	0	0	0	0	0	0	0	0	0	0	0	0	0
ENTERO	Roraima	MA	Brazil	0.0	0	0	0	0	0	0	0	0	0	0	0	0	0	0	0	0	0	0	0	0	0	0	0	0	0	0	0	0	0	0	0	0	0	0	0	0	0	0	0	0	0	0	0	0	0	0	0	0	0	0	0	0	0	0	0	0	0	0	0	0	0
ENTERO	Alagoas	AP	Brazil	0.0	0	0	0	0	0	0	0	0	0	0	0	0	0	0	0	0	0	0	0	0	0	0	0	0	0	0	0	0	0	0	0	0	0	0	0	0	0	0	0	0	0	0	0	0	0	0	0	0	0	0	0	0	0	0	0	0	0	0	0	0	0
ENTERO	Pernambuco	AP	Brazil	0.0	0	0	0	0	0	0	0	0	0	0	0	0	0	0	0	0	0	0	0	0	0	0	0	0	0	0	0	0	0	0	0	0	0	0	0	0	0	0	0	0	0	0	0	0	0	0	0	0	0	0	0	0	0	0	0	0	0	0	0	0	0
ENTERO	Mato Grosso	AP	Brazil	0.0	0	0	0	0	0	0	0	0	0	0	0	0	0	0	0	0	0	0	0	0	0	0	0	0	0	0	0	0	0	0	0	0	0	0	0	0	0	0	0	0	0	0	0	0	0	0	0	0	0	0	0	0	0	0	0	0	0	0	0	0	0
ENTERO	Sergipe	AP	Brazil	0.0	0	0	0	0	0	0	0	0	0	0	0	0	0	0	0	0	0	0	0	0	0	0	0	0	0	0	0	0	0	0	0	0	0	0	0	0	0	0	0	0	0	0	0	0	0	0	0	0	0	0	0	0	0	0	0	0	0	0	0	0	0
ENTERO	Ceará	AP	Brazil	0.0	0	0	0	0	0	0	0	0	0	0	0	0	0	0	0	0	0	0	0	0	0	0	0	0	0	0	0	0	0	0	0	0	0	0	0	0	0	0	0	0	0	0	0	0	0	0	0	0	0	0	0	0	0	0	0	0	0	0	0	0	0
ENTERO	Espírito Santo	AP	Brazil	0.0	0	0	0	0	0	0	0	0	0	0	0	0	0	0	0	0	0	0	0	0	0	0	0	0	0	0	0	0	0	0	0	0	0	0	0	0	0	0	0	0	0	0	0	0	0	0	0	0	0	0	0	0	0	0	0	0	0	0	0	0	0
ENTERO	São Paulo	AP	Brazil	0.0	0	0	0	0	0	0	0	0	0	0	0	0	0	0	0	0	0	0	0	0	0	0	0	0	0	0	0	0	0	0	0	0	0	0	0	0	0	0	0	0	0	0	0	0	0	0	0	0	0	0	0	0	0	0	0	0	0	0	0	0	0
ENTERO	Rio Grande do Norte	AP	Brazil	0.0	0	0	0	0	0	0	0	0	0	0	0	0	0	0	0	0	0	0	0	0	0	0	0	0	0	0	0	0	0	0	0	0	0	0	0	0	0	0	0	0	0	0	0	0	0	0	0	0	0	0	0	0	0	0	0	0	0	0	0	0	0
ENTERO	Distrito Federal	AP	Brazil	0.0	0	0	0	0	0	0	0	0	0	0	0	0	0	0	0	0	0	0	0	0	0	0	0	0	0	0	0	0	0	0	0	0	0	0	0	0	0	0	0	0	0	0	0	0	0	0	0	0	0	0	0	0	0	0	0	0	0	0	0	0	0
ENTERO	Paraná	AP	Brazil	0.0	0	0	0	0	0	0	0	0	0	0	0	0	0	0	0	0	0	0	0	0	0	0	0	0	0	0	0	0	0	0	0	0	0	0	0	0	0	0	0	0	0	0	0	0	0	0	0	0	0	0	0	0	0	0	0	0	0	0	0	0	0
ENTERO	Rio de Janeiro	AP	Brazil	1.0	0	0	0	0	0	0	3	0	0	0	0	0	0	0	0	0	0	0	0	0	0	0	0	0	0	0	0	0	0	0	0	0	0	0	0	0	0	0	0	0	0	0	0	0	0	0	0	0	0	0	0	0	0	0	0	0	0	0	0	0	0
ENTERO	Maranhão	AP	Brazil	0.0	0	0	0	0	0	0	0	0	0	0	0	0	0	0	0	0	0	0	0	0	0	0	0	0	0	0	0	0	0	0	0	0	0	0	0	0	0	0	0	0	0	0	0	0	0	0	0	0	0	0	0	0	0	0	0	0	0	0	0	0	0
ENTERO	Rio Grande do Sul	AP	Brazil	0.0	0	0	0	0	0	0	0	0	0	0	0	0	0	0	0	0	0	0	0	0	0	0	0	0	0	0	0	0	0	0	0	0	0	0	0	0	0	0	0	0	0	0	0	0	0	0	0	0	0	0	0	0	0	0	0	0	0	0	0	0	0
ENTERO	Acre	AP	Brazil	0.0	0	0	0	0	0	0	0	0	0	0	0	0	0	0	0	0	0	0	0	0	0	0	0	0	0	0	0	0	0	0	0	0	0	0	0	0	0	0	0	0	0	0	0	0	0	0	0	0	0	0	0	0	0	0	0	0	0	0	0	0	0
ENTERO	Paraíba	AP	Brazil	0.0	0	0	0	0	0	0	0	0	0	0	0	0	0	0	0	0	0	0	0	0	0	0	0	0	0	0	0	0	0	0	0	0	0	0	0	0	0	0	0	0	0	0	0	0	0	0	0	0	0	0	0	0	0	0	0	0	0	0	0	0	0
ENTERO	Amapá	AP	Brazil	0.0	0	0	0	0	0	0	0	0	0	0	0	0	0	0	0	0	0	0	0	0	0	0	0	0	0	0	0	0	0	0	0	0	0	0	0	0	0	0	0	0	0	0	0	0	0	0	0	0	0	0	0	0	0	0	0	0	0	0	0	0	0
ENTERO	Bahia	AP	Brazil	0.0	0	0	0	0	0	0	0	0	0	0	0	0	0	0	0	0	0	0	0	0	0	0	0	0	0	0	0	0	0	0	0	0	0	0	0	0	0	0	0	0	0	0	0	0	0	0	0	0	0	0	0	0	0	0	0	0	0	0	0	0	0
ENTERO	Tocantins	AP	Brazil	0.0	0	0	0	0	0	0	0	0	0	0	0	0	0	0	0	0	0	0	0	0	0	0	0	0	0	0	0	0	0	0	0	0	0	0	0	0	0	0	0	0	0	0	0	0	0	0	0	0	0	0	0	0	0	0	0	0	0	0	0	0	0
META	Pará	AP	Brazil	0.0	0	0	0	0	0	0	0	0	0	0	0	0	0	0	0	0	0	0	0	0	0	0	0	0	0	0	0	0	0	0	0	0	0	0	0	0	0	0	0	0	0	0	0	0	0	0	0	0	0	0	0	0	0	0	0	0	0	0	0	0	0
META	Piauí	AP	Brazil	0.0	0	0	0	0	0	0	0	0	0	0	0	0	0	0	0	0	0	0	0	0	0	0	0	0	0	0	0	0	0	0	0	0	0	0	0	0	0	0	0	0	0	0	0	0	0	0	0	0	0	0	0	0	0	0	0	0	0	0	0	0	0
META	Santa Catarina	AP	Brazil	0.0	0	0	0	0	0	0	0	0	0	0	0	0	0	0	0	0	0	0	0	0	0	0	0	0	0	0	0	0	0	0	0	0	0	0	0	0	0	0	0	0	0	0	0	0	0	0	0	0	0	0	0	0	0	0	0	0	0	0	0	0	0
META	Rondônia	AP	Brazil	0.0	0	0	0	0	0	0	0	0	0	0	0	0	0	0	0	0	0	0	0	0	0	0	0	0	0	0	0	0	0	0	0	0	0	0	0	0	0	0	0	0	0	0	0	0	0	0	0	0	0	0	0	0	0	0	0	0	0	0	0	0	0
META	Minas Gerais	AP	Brazil	0.0	0	0	0	0	0	0	0	0	0	0	0	0	0	0	0	0	0	0	0	0	0	0	0	0	0	0	0	0	0	0	0	0	0	0	0	0	0	0	0	0	0	0	0	0	0	0	0	0	0	0	0	0	0	0	0	0	0	0	0	0	0
META	Goiás	AP	Brazil	1.0	0	0	0	35	347	342	158	131	66	54	50	62	46	25	24	22	10	1	0	8	10	0	0	0	0	0	0	0	0	0	0	0	0	0	0	0	0	0	0	0	0	0	0	0	0	0	0	0	0	0	0	0	0	0	0	0	0	1	16	12	0
META	Mato Grosso do Sul	AP	Brazil	0.0	0	0	0	0	0	0	0	0	0	0	0	0	0	0	0	0	0	0	0	0	0	0	0	0	0	0	0	0	0	0	0	0	0	0	0	0	0	0	0	0	0	0	0	0	0	0	0	0	0	0	0	0	0	0	0	0	0	0	0	0	0
META	Amazonas	AP	Brazil	0.0	0	0	0	0	0	0	0	0	0	0	0	0	0	0	0	0	0	0	0	0	0	0	0	0	0	0	0	0	0	0	0	0	0	0	0	0	0	0	0	0	0	0	0	0	0	0	0	0	0	0	0	0	0	0	0	0	0	0	0	0	0
META	Roraima	MA	Brazil	0.0	0	0	0	0	0	0	0	0	0	0	0	0	0	0	0	0	0	0	0	0	0	0	0	0	0	0	0	0	0	0	0	0	0	0	0	0	0	0	0	0	0	0	0	0	0	0	0	0	0	0	0	0	0	0	0	0	0	0	0	0	0
META	Alagoas	AP	Brazil	0.0	0	0	0	0	0	0	0	0	0	0	0	0	0	0	0	0	0	0	0	0	0	0	0	0	0	0	0	0	0	0	0	0	0	0	0	0	0	0	0	0	0	0	0	0	0	0	0	0	0	0	0	0	0	0	0	0	0	0	0	0	0
META	Pernambuco	AP	Brazil	0.0	0	0	0	0	0	0	0	0	0	0	0	0	0	0	0	0	0	0	0	0	0	0	0	0	0	0	0	0	0	0	0	0	0	0	0	0	0	0	0	0	0	0	0	0	0	0	0	0	0	0	0	0	0	0	0	0	0	0	0	0	0
META	Mato Grosso	AP	Brazil	0.0	0	0	0	0	0	0	0	0	0	0	0	0	0	0	0	0	0	0	0	0	0	0	0	0	0	0	0	0	0	0	0	0	0	0	0	0	0	0	0	0	0	0	0	0	0	0	0	0	0	0	0	0	0	0	0	0	0	0	0	0	0
META	Sergipe	AP	Brazil	0.0	0	0	0	0	0	0	0	0	0	0	0	0	0	0	0	0	0	0	0	0	0	0	0	0	0	0	0	0	0	0	0	0	0	0	0	0	0	0	0	0	0	0	0	0	0	0	0	0	0	0	0	0	0	0	0	0	0	0	0	0	0
META	Ceará	AP	Brazil	0.0	0	0	0	0	0	0	0	0	0	0	0	0	0	0	0	0	0	0	0	0	0	0	0	0	0	0	0	0	0	0	0	0	0	0	0	0	0	0	0	0	0	0	0	0	0	0	0	0	0	0	0	0	0	0	0	0	0	0	0	0	0
META	Espírito Santo	AP	Brazil	0.0	0	0	0	0	0	0	0	0	0	0	0	0	0	0	0	0	0	0	0	0	0	0	0	0	0	0	0	0	0	0	0	0	0	0	0	0	0	0	0	0	0	0	0	0	0	0	0	0	0	0	0	0	0	0	0	0	0	0	0	0	0
META	São Paulo	AP	Brazil	0.0	0	0	0	0	0	0	0	0	0	0	0	0	0	0	0	0	0	0	0	0	0	0	0	0	0	0	0	0	0	0	0	0	0	0	0	0	0	0	0	0	0	0	0	0	0	0	0	0	0	0	0	0	0	0	0	0	0	0	0	0	0
META	Rio Grande do Norte	AP	Brazil	0.0	0	0	0	0	0	0	0	0	0	0	0	0	0	0	0	0	0	0	0	0	0	0	0	0	0	0	0	0	0	0	0	0	0	0	0	0	0	0	0	0	0	0	0	0	0	0	0	0	0	0	0	0	0	0	0	0	0	0	0	0	0
META	Distrito Federal	AP	Brazil	0.0	0	0	0	0	0	0	0	0	0	0	0	0	0	0	0	0	0	0	0	0	0	0	0	0	0	0	0	0	0	0	0	0	0	0	0	0	0	0	0	0	0	0	0	0	0	0	0	0	0	0	0	0	0	0	0	0	0	0	0	0	0
META	Paraná	AP	Brazil	0.0	0	0	0	0	0	0	0	0	0	0	0	0	0	0	0	0	0	0	0	0	0	0	0	0	0	0	0	0	0	0	0	0	0	0	0	0	0	0	0	0	0	0	0	0	0	0	0	0	0	0	0	0	0	0	0	0	0	0	0	0	0
META	Rio de Janeiro	AP	Brazil	1.0	0	0	0	0	0	0	3	0	0	0	0	0	0	0	0	0	0	0	0	0	0	0	0	0	0	0	0	0	0	0	0	0	0	0	0	0	0	0	0	0	0	0	0	0	0	0	0	0	0	0	0	0	0	0	0	0	0	0	0	0	0
META	Maranhão	AP	Brazil	0.0	0	0	0	0	0	0	0	0	0	0	0	0	0	0	0	0	0	0	0	0	0	0	0	0	0	0	0	0	0	0	0	0	0	0	0	0	0	0	0	0	0	0	0	0	0	0	0	0	0	0	0	0	0	0	0	0	0	0	0	0	0
META	Rio Grande do Sul	AP	Brazil	0.0	0	0	0	0	0	0	0	0	0	0	0	0	0	0	0	0	0	0	0	0	0	0	0	0	0	0	0	0	0	0	0	0	0	0	0	0	0	0	0	0	0	0	0	0	0	0	0	0	0	0	0	0	0	0	0	0	0	0	0	0	0
META	Acre	AP	Brazil	0.0	0	0	0	0	0	0	0	0	0	0	0	0	0	0	0	0	0	0	0	0	0	0	0	0	0	0	0	0	0	0	0	0	0	0	0	0	0	0	0	0	0	0	0	0	0	0	0	0	0	0	0	0	0	0	0	0	0	0	0	0	0
META	Paraíba	AP	Brazil	0.0	0	0	0	0	0	0	0	0	0	0	0	0	0	0	0	0	0	0	0	0	0	0	0	0	0	0	0	0	0	0	0	0	0	0	0	0	0	0	0	0	0	0	0	0	0	0	0	0	0	0	0	0	0	0	0	0	0	0	0	0	0
META	Amapá	AP	Brazil	0.0	0	0	0	0	0	0	0	0	0	0	0	0	0	0	0	0	0	0	0	0	0	0	0	0	0	0	0	0	0	0	0	0	0	0	0	0	0	0	0	0	0	0	0	0	0	0	0	0	0	0	0	0	0	0	0	0	0	0	0	0	0
META	Bahia	AP	Brazil	0.0	0	0	0	0	0	0	0	0	0	0	0	0	0	0	0	0	0	0	0	0	0	0	0	0	0	0	0	0	0	0	0	0	0	0	0	0	0	0	0	0	0	0	0	0	0	0	0	0	0	0	0	0	0	0	0	0	0	0	0	0	0
META	Tocantins	AP	Brazil	0.0	0	0	0	0	0	0	0	0	0	0	0	0	0	0	0	0	0	0	0	0	0	0	0	0	0	0	0	0	0	0	0	0	0	0	0	0	0	0	0	0	0	0	0	0	0	0	0	0	0	0	0	0	0	0	0	0	0	0	0	0	0
PARA	Pará	AP	Brazil	0.0	0	0	0	0	0	0	0	0	0	0	0	0	0	0	0	0	0	0	0	0	0	0	0	0	0	0	0	0	0	0	0	0	0	0	0	0	0	0	0	0	0	0	0	0	0	0	0	0	0	0	0	0	0	0	0	0	0	0	0	0	0
PARA	Piauí	AP	Brazil	0.0	0	0	0	0	0	0	0	0	0	0	0	0	0	0	0	0	0	0	0	0	0	0	0	0	0	0	0	0	0	0	0	0	0	0	0	0	0	0	0	0	0	0	0	0	0	0	0	0	0	0	0	0	0	0	0	0	0	0	0	0	0
PARA	Santa Catarina	AP	Brazil	0.0	0	0	0	0	0	0	0	0	0	0	0	0	0	0	0	0	0	0	0	0	0	0	0	0	0	0	0	0	0	0	0	0	0	0	0	0	0	0	0	0	0	0	0	0	0	0	0	0	0	0	0	0	0	0	0	0	0	0	0	0	0
PARA	Rondônia	AP	Brazil	0.0	0	0	0	0	0	0	0	0	0	0	0	0	0	0	0	0	0	0	0	0	0	0	0	0	0	0	0	0	0	0	0	0	0	0	0	0	0	0	0	0	0	0	0	0	0	0	0	0	0	0	0	0	0	0	0	0	0	0	0	0	0
PARA	Minas Gerais	AP	Brazil	0.0	0	0	0	0	0	0	0	0	0	0	0	0	0	0	0	0	0	0	0	0	0	0	0	0	0	0	0	0	0	0	0	0	0	0	0	0	0	0	0	0	0	0	0	0	0	0	0	0	0	0	0	0	0	0	0	0	0	0	0	0	0
PARA	Goiás	AP	Brazil	1.0	0	0	0	35	347	342	158	131	66	54	50	62	46	25	24	22	10	1	0	8	10	0	0	0	0	0	0	0	0	0	0	0	0	0	0	0	0	0	0	0	0	0	0	0	0	0	0	0	0	0	0	0	0	0	0	0	0	1	16	12	0
PARA	Mato Grosso do Sul	AP	Brazil	0.0	0	0	0	0	0	0	0	0	0	0	0	0	0	0	0	0	0	0	0	0	0	0	0	0	0	0	0	0	0	0	0	0	0	0	0	0	0	0	0	0	0	0	0	0	0	0	0	0	0	0	0	0	0	0	0	0	0	0	0	0	0
PARA	Amazonas	AP	Brazil	0.0	0	0	0	0	0	0	0	0	0	0	0	0	0	0	0	0	0	0	0	0	0	0	0	0	0	0	0	0	0	0	0	0	0	0	0	0	0	0	0	0	0	0	0	0	0	0	0	0	0	0	0	0	0	0	0	0	0	0	0	0	0
PARA	Roraima	MA	Brazil	0.0	0	0	0	0	0	0	0	0	0	0	0	0	0	0	0	0	0	0	0	0	0	0	0	0	0	0	0	0	0	0	0	0	0	0	0	0	0	0	0	0	0	0	0	0	0	0	0	0	0	0	0	0	0	0	0	0	0	0	0	0	0
PARA	Alagoas	AP	Brazil	0.0	0	0	0	0	0	0	0	0	0	0	0	0	0	0	0	0	0	0	0	0	0	0	0	0	0	0	0	0	0	0	0	0	0	0	0	0	0	0	0	0	0	0	0	0	0	0	0	0	0	0	0	0	0	0	0	0	0	0	0	0	0
PARA	Pernambuco	AP	Brazil	0.0	0	0	0	0	0	0	0	0	0	0	0	0	0	0	0	0	0	0	0	0	0	0	0	0	0	0	0	0	0	0	0	0	0	0	0	0	0	0	0	0	0	0	0	0	0	0	0	0	0	0	0	0	0	0	0	0	0	0	0	0	0
PARA	Mato Grosso	AP	Brazil	0.0	0	0	0	0	0	0	0	0	0	0	0	0	0	0	0	0	0	0	0	0	0	0	0	0	0	0	0	0	0	0	0	0	0	0	0	0	0	0	0	0	0	0	0	0	0	0	0	0	0	0	0	0	0	0	0	0	0	0	0	0	0
PARA	Sergipe	AP	Brazil	0.0	0	0	0	0	0	0	0	0	0	0	0	0	0	0	0	0	0	0	0	0	0	0	0	0	0	0	0	0	0	0	0	0	0	0	0	0	0	0	0	0	0	0	0	0	0	0	0	0	0	0	0	0	0	0	0	0	0	0	0	0	0
PARA	Ceará	AP	Brazil	0.0	0	0	0	0	0	0	0	0	0	0	0	0	0	0	0	0	0	0	0	0	0	0	0	0	0	0	0	0	0	0	0	0	0	0	0	0	0	0	0	0	0	0	0	0	0	0	0	0	0	0	0	0	0	0	0	0	0	0	0	0	0
PARA	Espírito Santo	AP	Brazil	0.0	0	0	0	0	0	0	0	0	0	0	0	0	0	0	0	0	0	0	0	0	0	0	0	0	0	0	0	0	0	0	0	0	0	0	0	0	0	0	0	0	0	0	0	0	0	0	0	0	0	0	0	0	0	0	0	0	0	0	0	0	0
PARA	São Paulo	AP	Brazil	0.0	0	0	0	0	0	0	0	0	0	0	0	0	0	0	0	0	0	0	0	0	0	0	0	0	0	0	0	0	0	0	0	0	0	0	0	0	0	0	0	0	0	0	0	0	0	0	0	0	0	0	0	0	0	0	0	0	0	0	0	0	0
PARA	Rio Grande do Norte	AP	Brazil	0.0	0	0	0	0	0	0	0	0	0	0	0	0	0	0	0	0	0	0	0	0	0	0	0	0	0	0	0	0	0	0	0	0	0	0	0	0	0	0	0	0	0	0	0	0	0	0	0	0	0	0	0	0	0	0	0	0	0	0	0	0	0
PARA	Distrito Federal	AP	Brazil	0.0	0	0	0	0	0	0	0	0	0	0	0	0	0	0	0	0	0	0	0	0	0	0	0	0	0	0	0	0	0	0	0	0	0	0	0	0	0	0	0	0	0	0	0	0	0	0	0	0	0	0	0	0	0	0	0	0	0	0	0	0	0
PARA	Paraná	AP	Brazil	0.0	0	0	0	0	0	0	0	0	0	0	0	0	0	0	0	0	0	0	0	0	0	0	0	0	0	0	0	0	0	0	0	0	0	0	0	0	0	0	0	0	0	0	0	0	0	0	0	0	0	0	0	0	0	0	0	0	0	0	0	0	0
PARA	Rio de Janeiro	AP	Brazil	1.0	0	0	0	0	0	0	3	0	0	0	0	0	0	0	0	0	0	0	0	0	0	0	0	0	0	0	0	0	0	0	0	0	0	0	0	0	0	0	0	0	0	0	0	0	0	0	0	0	0	0	0	0	0	0	0	0	0	0	0	0	0
PARA	Maranhão	AP	Brazil	0.0	0	0	0	0	0	0	0	0	0	0	0	0	0	0	0	0	0	0	0	0	0	0	0	0	0	0	0	0	0	0	0	0	0	0	0	0	0	0	0	0	0	0	0	0	0	0	0	0	0	0	0	0	0	0	0	0	0	0	0	0	0
PARA	Rio Grande do Sul	AP	Brazil	0.0	0	0	0	0	0	0	0	0	0	0	0	0	0	0	0	0	0	0	0	0	0	0	0	0	0	0	0	0	0	0	0	0	0	0	0	0	0	0	0	0	0	0	0	0	0	0	0	0	0	0	0	0	0	0	0	0	0	0	0	0	0
PARA	Acre	AP	Brazil	0.0	0	0	0	0	0	0	0	0	0	0	0	0	0	0	0	0	0	0	0	0	0	0	0	0	0	0	0	0	0	0	0	0	0	0	0	0	0	0	0	0	0	0	0	0	0	0	0	0	0	0	0	0	0	0	0	0	0	0	0	0	0
PARA	Paraíba	AP	Brazil	0.0	0	0	0	0	0	0	0	0	0	0	0	0	0	0	0	0	0	0	0	0	0	0	0	0	0	0	0	0	0	0	0	0	0	0	0	0	0	0	0	0	0	0	0	0	0	0	0	0	0	0	0	0	0	0	0	0	0	0	0	0	0
PARA	Amapá	AP	Brazil	0.0	0	0	0	0	0	0	0	0	0	0	0	0	0	0	0	0	0	0	0	0	0	0	0	0	0	0	0	0	0	0	0	0	0	0	0	0	0	0	0	0	0	0	0	0	0	0	0	0	0	0	0	0	0	0	0	0	0	0	0	0	0
PARA	Bahia	AP	Brazil	0.0	0	0	0	0	0	0	0	0	0	0	0	0	0	0	0	0	0	0	0	0	0	0	0	0	0	0	0	0	0	0	0	0	0	0	0	0	0	0	0	0	0	0	0	0	0	0	0	0	0	0	0	0	0	0	0	0	0	0	0	0	0
PARA	Tocantins	AP	Brazil	0.0	0	0	0	0	0	0	0	0	0	0	0	0	0	0	0	0	0	0	0	0	0	0	0	0	0	0	0	0	0	0	0	0	0	0	0	0	0	0	0	0	0	0	0	0	0	0	0	0	0	0	0	0	0	0	0	0	0	0	0	0	0
